Tanımlayıcı;Seviye;Sınıflar;Standart;Açıklama;Kavram;Alt_Kavram;Uygulama;Alt Uygulama-1;Alt Uygulama-2;Alt Uygulama-3
1A-CS-01;1A;K-2;Çeşitli görevleri yerine getirmek için uygun yazılımı seçin ve çalıştırın ve kullanıcıların kullandıkları teknoloji için farklı ihtiyaç ve tercihlere sahip olduğunu anlayın.;İnsanlar bilişim cihazlarını çeşitli görevleri doğru ve hızlı bir şekilde yerine getirmek için kullanırlar. Öğrenciler, tamamlamaları gereken görevler için kullanılacak uygun uygulamayı/programı seçebilmelidir. Örneğin, öğrencilerden bir resim çizmeleri istenirse, bu görevi tamamlamak için bir çizim uygulamasını/programını açıp kullanabilmeli veya bir sunum hazırlamaları istenirse, sunum yazılımını açıp kullanabilmelidirler. Ek olarak, öğretmen rehberliğinde öğrenciler, aynı temel işlevselliğe sahip yazılımlar için tercihleri karşılaştırmalı ve tartışmalıdır. Öğrenciler farklı web tarayıcılarını veya kelime işlem, sunum veya çizim programlarını karşılaştırabilirler.;Bilişim Sistemleri;Cihazlar;Kapsayıcı Bir Bilişim Kültürünü Teşvik Etmek;P1.1 – Farklı bakış açılarını dahil etme ve kendi bakış açısını değerlendirme;;
1A-CS-02;1A;K-2;Bilişim sistemlerinin (donanım) yaygın fiziksel bileşenlerinin işlevini belirlemede ve açıklamada uygun terminolojiyi kullanın.;Bir bilişim sistemi donanım ve yazılımdan oluşur. Donanım fiziksel bileşenlerden oluşur. Öğrenciler masaüstü bilgisayarlar, dizüstü bilgisayarlar, tablet cihazlar, monitörler, klavyeler, fareler ve yazıcılar gibi harici donanımların işlevini belirleyebilmeli ve açıklayabilmelidir.;Bilişim Sistemleri;Donanım ve Yazılım;Bilişim Hakkında İletişim Kurmak;P7.2 – Hesaplamalı süreçleri ve çözümleri hedef kitleye uygun teknik terminolojiyle açıklama, gerekçelendirme ve dokümante etme;;
1A-CS-03;1A;K-2;Temel donanım ve yazılım sorunlarını doğru terminoloji kullanarak açıklayın.;Bilişim sistemleriyle ilgili sorunların farklı nedenleri vardır. Bu seviyedeki öğrencilerin bu nedenleri anlamalarına gerek yoktur, ancak bir sorunu doğru terminolojiyle iletebilmelidirler (örneğin, bir uygulama veya program beklendiği gibi çalışmadığında, bir cihaz açılmadığında, ses çalışmadığında vb.). İdeal olarak, öğrenciler bir cihazı yeniden başlatmak için kapatıp açmak, bir uygulamayı kapatıp yeniden açmak, hoparlörleri açmak veya kulaklıkları takmak dahil olmak üzere basit sorun giderme stratejilerini kullanabilmelidir. Ancak bunlar standartta belirtilmemiştir, çünkü bu sorunlar her zaman ortaya çıkmayabilir.;Bilişim Sistemleri;Sorun Giderme;Bilişimsel Eserleri Test Etme ve İyileştirme, Bilişim Hakkında İletişim Kurmak;P6.2 – Hataları sistematik biçimde belirleme ve düzeltme;P7.2 – Hesaplamalı süreçleri ve çözümleri hedef kitleye uygun teknik terminolojiyle açıklama, gerekçelendirme ve dokümante etme;
1A-NI-04;1A;K-2;Şifrelerin ne olduğunu ve neden kullandığımızı açıklayın ve cihazları ve bilgileri yetkisiz erişimden korumak için güçlü şifreler kullanın.;Birinin cihazını veya bilgilerini başkalarının istenmeyen kullanımından korumayı öğrenmek, siber güvenlik hakkında bilgi edinmede önemli bir ilk adımdır. Öğrencilerin birden fazla güçlü şifre kullanmaları gerekmez. Kullanmaları gereken şifreleri uygun şekilde kullanmalı ve korumalıdırlar.;Ağlar ve İnternet;Siber Güvenlik;Bilişim Hakkında İletişim Kurmak;P7.3 – Fikri mülkiyet haklarına uyarak ve uygun kaynak göstererek fikirleri sorumlu biçimde ifade etme;;
1A-DA-05;1A;K-2;Bir bilişim cihazı kullanarak bilgileri depolayın, kopyalayın, arayın, alın, değiştirin ve silin ve depolanan bilgileri veri olarak tanımlayın.;Bir bilişim cihazı tarafından depolanan ve işlenen tüm bilgiler veri olarak adlandırılır. Veriler resimler, metin belgeleri, ses dosyaları, yazılım programları veya uygulamaları, video dosyaları vb. olabilir. Öğrenciler bir bilişim cihazında görevleri tamamlamak için yazılımı kullandıkça verileri manipüle edeceklerdir.;Veri ve Analiz;Depolama;Soyutlamalar Geliştirmek ve Kullanmak;P4.2 – Mevcut teknolojik işlevleri değerlendirip yeni tasarımlara dahil etme;;
1A-DA-06;1A;K-2;Aynı verileri toplayın ve çeşitli görsel formatlarda sunun.;Etrafındaki dünya hakkında veri toplamak ve kullanmak hayatın rutin bir parçasıdır ve insanların nasıl yaşadığını etkiler. Öğrenciler, güneşli günlere karşı yağmurlu günler, okul gününün başındaki sıcaklığa karşı okul gününün sonundaki sıcaklık veya bir fırtına sırasında yağan yağmur miktarı gibi hava durumu verilerini toplayabilir. Öğrenciler, Skittles veya M&M's gibi bir şeker paketindeki her renkten şeker sayısını sayabilir. Öğrenciler en sevdikleri yiyecekler, evcil hayvanlar veya TV şovları gibi ilgilerini çeken konularda anketler oluşturabilir ve akranlarından ve diğerlerinden anketlerine cevap toplayabilirler. Toplanan veriler daha sonra çubuk grafik, pasta grafik veya piktogram gibi iki veya daha fazla görselleştirme şeklinde düzenlenebilir.;Veri ve Analiz;Toplama Görselleştirme ve Dönüştürme;Bilişim Hakkında İletişim Kurmak, Soyutlamalar Geliştirmek ve Kullanmak;P7.1 – Farklı kaynaklardan gelen büyük veri kümelerini seçme, düzenleme ve yorumlayarak bir iddiayı destekleme;P4.4 – Olguları, süreçleri ve sistemleri modelleyerek olası sonuçları anlama ve değerlendirme;
1A-DA-07;1A;K-2;Tahminlerde bulunmak için çizelgeler veya grafikler gibi veri görselleştirmelerindeki kalıpları tanımlayın ve açıklayın.;Veriler dünya hakkında çıkarımlar veya tahminler yapmak için kullanılabilir. Öğrenciler bir şeker paketindeki renklerin veya birden fazla şeker paketindeki renklerin ortalamalarının bir grafiğini veya pasta grafiğini analiz edebilir, hangi renklerin en çok ve en az temsil edildiğine dair kalıpları belirleyebilir ve ardından yeni bir şeker paketinde hangi renklerin en çok ve en az olacağına dair bir tahminde bulunabilir. Öğrenciler okul gününün başındaki ve okul gününün sonundaki sıcaklıkların grafiklerini analiz edebilir, sıcaklıkların ne zaman yükselip düştüğüne dair kalıpları belirleyebilir ve gözlemlenen kalıba dayanarak günün belirli bir saatinde sıcaklığın yükselip düşmeyeceğini tahmin edebilir.;Veri ve Analiz;Çıkarım ve Modeller;Soyutlamalar Geliştirmek ve Kullanmak;P4.1 – İlişkili süreçlerden veya karmaşık olgulardan ortak özellikleri çıkarma;;
1A-AP-08;1A;K-2;Görevleri tamamlamak için algoritmalar (adım adım talimat setleri) oluşturarak ve izleyerek günlük süreçleri modelleyin.;Kompozisyon, daha küçük görevlerin daha karmaşık görevler halinde birleştirilmesidir. Öğrenciler basit yiyecekler yapmak, dişlerini fırçalamak, okula hazırlanmak, temizlik zamanına katılmak için algoritmalar oluşturabilir ve izleyebilir.;Algoritmalar ve Programlama;Algoritmalar;Soyutlamalar Geliştirmek ve Kullanmak;P4.4 – Olguları, süreçleri ve sistemleri modelleyerek olası sonuçları anlama ve değerlendirme;;
1A-AP-09;1A;K-2;Bilgileri temsil etmek için sayıları veya diğer sembolleri kullanarak programların verileri nasıl depoladığını ve manipüle ettiğini modelleyin.;Gerçek dünyadaki bilgiler bilgisayar programlarında temsil edilebilir. Öğrenciler evet/hayır temsili olarak başparmak yukarı/aşağı işaretini kullanabilir, algoritmalar yazarken yönü belirtmek için okları kullanabilir veya harfleri veya kelimeleri temsil etmek için sayılar, piktogramlar veya diğer sembolleri kullanarak kelimeleri kodlayabilir ve çözebilir.;Algoritmalar ve Programlama;Değişkenler;Soyutlamalar Geliştirmek ve Kullanmak;P4.4 – Olguları, süreçleri ve sistemleri modelleyerek olası sonuçları anlama ve değerlendirme;;
1A-AP-10;1A;K-2;Fikirleri ifade etmek veya bir sorunu çözmek için diziler ve basit döngüler içeren programlar geliştirin.;Programlama, çok çeşitli ilgi alanlarını yansıtan ürünler oluşturmak için bir araç olarak kullanılır. Kontrol yapıları, bir program içindeki talimatların yürütülme sırasını belirler. Diziler, bir programdaki talimatların sırasıdır. Örneğin, basit bir animasyonlu hikaye programlanırken diyalog doğru şekilde sıralanmazsa hikaye mantıklı olmaz. Bir robotu programlama komutları doğru sırada değilse, robot istenen görevi tamamlamaz. Döngüler, bir kod dizisinin birden çok kez tekrarlanmasına izin verir. Örneğin, bir kelebeğin yaşam döngüsünü gösteren bir programda, karakterin sürekli ancak kontrollü hareket etmesini sağlamak için bir döngü hareket komutlarıyla birleştirilebilir.;Algoritmalar ve Programlama;Kontrol;Bilişimsel Eserler Yaratmak;P5.2 – Pratik amaç, kişisel ifade veya toplumsal sorun için dijital ürün oluşturma;;
1A-AP-11;1A;K-2;Bir sorunu çözmek için gereken adımları kesin bir talimat dizisine ayırın (ayrıştırın).;Ayrıştırma, görevleri daha basit görevlere ayırma eylemidir. Öğrenciler, fıstık ezmeli ve jöleli bir sandviç yapmak, dişlerini fırçalamak, bir şekil çizmek, ekranda bir karakteri hareket ettirmek veya bir kodlama uygulamasının bir seviyesini çözmek için gereken adımları parçalara ayırabilir.;Algoritmalar ve Programlama;Modülerlik;Bilişimsel Problemleri Tanıma ve Tanımlama;P3.2 – Karmaşık problemleri yönetilebilir alt problemlere ayırma;;
1A-AP-12;1A;K-2;Bir programın olaylar dizisini, hedeflerini ve beklenen sonuçlarını açıklayan planlar geliştirin.;Bir programın ne yapacağına dair bir plan oluşturmak, programı oluşturmak için gerekecek adımları netleştirir ve bir programın doğru olup olmadığını kontrol etmek için kullanılabilir. Öğrenciler, programlarının ne yapacağını göstermek için hikaye haritası, hikaye panosu veya sıralı bir grafik düzenleyici gibi bir planlama belgesi oluşturabilir. Bu aşamadaki öğrenciler, planlama sürecini öğretmenlerinin yardımıyla tamamlayabilir.;Algoritmalar ve Programlama;Program Geliştirme;Bilişimsel Eserler Yaratmak, Bilişim Hakkında İletişim Kurmak;P5.1 – Dijital ürün geliştirmeyi yinelemeli bir süreçle planlama;P7.2 – Hesaplamalı süreçleri ve çözümleri hedef kitleye uygun teknik terminolojiyle açıklama, gerekçelendirme ve dokümante etme;
1A-AP-13;1A;K-2;Programlar geliştirirken başkalarının fikirlerini ve yaratımlarını kullandığınızda atıfta bulunun.;Bilgisayar kullanmak beraberinde bir sorumluluk düzeyi getirir. Öğrenciler resimler, müzik ve kod gibi başkaları tarafından oluşturulan eserlere itibar etmelidir. Eserlerini sınıfa sunuyorlarsa sözlü olarak veya bir sınıf blogunda veya web sitesinde paylaşıyorlarsa yazılı veya sözlü olarak kredi verilebilir. Bu aşamada uygun atıf, bir kaynakça veya alıntılanan eserler belgesindeki gibi resmi bir alıntı gerektirmez.;Algoritmalar ve Programlama;Program Geliştirme;Bilişim Hakkında İletişim Kurmak;P7.3 – Fikri mülkiyet haklarına uyarak ve uygun kaynak göstererek fikirleri sorumlu biçimde ifade etme;;
1A-AP-14;1A;K-2;Diziler ve basit döngüler içeren bir algoritmada veya programda hataları ayıklayın (belirleyin ve düzeltin).;Algoritmalar veya programlar her zaman doğru çalışmayabilir. Öğrenciler, adımların sırasını değiştirmek, algoritmayı adım adım izlemek veya algoritmalar ile programlardaki sorunları düzeltmek için deneme yanılma gibi çeşitli stratejileri kullanabilmelidir.;Algoritmalar ve Programlama;Program Geliştirme;Bilişimsel Eserleri Test Etme ve İyileştirme;P6.2 – Hataları sistematik biçimde belirleme ve düzeltme;;
1A-AP-15;1A;K-2;Program geliştirmenin yinelemeli sürecinde atılan adımları ve yapılan seçimleri doğru terminolojiyi kullanarak açıklayın.;Bu aşamada öğrenciler, oluşturdukları programların hedefleri ve beklenen sonuçları ile program oluştururken yaptıkları seçimler hakkında konuşabilmeli veya yazabilmelidir. Bu, kodlama günlükleri, öğretmenle tartışmalar, sınıf sunumları veya bloglar aracılığıyla yapılabilir.;Algoritmalar ve Programlama;Program Geliştirme;Bilişim Hakkında İletişim Kurmak;P7.2 – Hesaplamalı süreçleri ve çözümleri hedef kitleye uygun teknik terminolojiyle açıklama, gerekçelendirme ve dokümante etme;;
1A-IC-16;1A;K-2;Yeni bilişim teknolojisinin uygulanması veya benimsenmesinden önce ve sonra insanların nasıl yaşayıp çalıştığını karşılaştırın.;Bilişim teknolojisi, insanların yaşama ve çalışma şeklini olumlu ve olumsuz yönde değiştirmiştir. Geçmişte öğrenciler bir konu hakkında okumak istediklerinde, konu hakkında bir kitap bulmak için bir kütüphaneye erişmeleri gerekiyordu. Bugün öğrenciler internetteki bir konu hakkındaki bilgileri görüntüleyip okuyabilir veya konuyla ilgili e-kitapları doğrudan bir cihaza indirebilirler. Bu tür bilgiler birden fazla dilde mevcut olabilir ve bir öğrenciye okunarak büyük erişilebilirlik sağlanabilir.;Bilişimin Etkileri;Kültür;Bilişim Hakkında İletişim Kurmak;P7 – Bilişim kavramlarını, süreçlerini ve etkilerini anlaşılır biçimde ifade etme;;
1A-IC-17;1A;K-2;Çevrimiçi olarak başkalarıyla saygılı ve sorumlu bir şekilde çalışın.;Çevrimiçi iletişim, birçok kişiyle fikir paylaşma gibi olumlu etkileşimleri kolaylaştırır, ancak çevrimiçi iletişimin kamusal ve anonim yapısı, siber zorbalık biçimindeki korkutucu ve uygunsuz davranışlara da olanak tanır. Öğrenciler, uygunsuz veya onları başkalarına kişisel olarak tanıtabilecek bilgileri paylaşmaktan kaçınarak çalışmalarını bloglarda veya diğer işbirliğine dayalı alanlarda çevrimiçi olarak paylaşabilir. Öğrenciler, çalışmalarında başkalarına nazik ve saygılı bir şekilde geri bildirim sağlayabilir ve başkaları çevrimiçi ortak çalışma alanlarında paylaşmamaları gereken şeyleri paylaşıyorlarsa veya başkalarına kaba veya saygısız davranıyorlarsa bunu bir yetişkine söyleyebilirler.;Bilişimin Etkileri;Sosyal Etkileşimler;Bilişim Etrafında İşbirliği Yapmak;P2.1 – Farklı bakış açıları, beceriler ve kişiliklerle etkili çalışma ilişkileri kurma;;
1A-IC-18;1A;K-2;Giriş bilgilerini gizli tutun ve cihazlardan uygun şekilde çıkış yapın.;İnsanlar bilişim teknolojisini kendilerine veya başkalarına yardım edebilecek veya zarar verebilecek şekillerde kullanırlar. Özel bilgileri paylaşmak ve halka açık cihazlarda oturum açık bırakmak gibi zararlı davranışlar fark edilmeli ve bunlardan kaçınılmalıdır.;Bilişimin Etkileri;Güvenlik Hukuk ve Etik;Bilişim Hakkında İletişim Kurmak;P7.3 – Fikri mülkiyet haklarına uyarak ve uygun kaynak göstererek fikirleri sorumlu biçimde ifade etme;;
1B-CS-01;1B;3-5;Bilişim cihazlarının iç ve dış parçalarının bir sistem oluşturmak üzere nasıl işlev gördüğünü açıklayın.;"Bilişim cihazları genellikle diğer cihazlara veya bileşenlere bağlıdır. Örneğin, bir robot parlaklıktaki değişiklikleri tespit etmek için fiziksel olarak bağlı bir ışık sensörüne güvenirken, ışık sensörü güç için robota güvenir. Klavye girişi veya fare tıklaması bir eylemin gerçekleşmesine veya bilgilerin bir ekranda görüntülenmesine neden olabilir; bu ancak bilgisayarın dışarıda neler olup bittiğini değerlendirmek ve buna karşılık gelen yanıtlar üretmek için bir işlemcisi olduğu için gerçekleşebilir. Öğrenciler, cihazların ve bileşenlerin nasıl etkileşime girdiğini doğru terminolojiyi kullanarak açıklamalıdır.";Bilişim Sistemleri;Cihazlar;Bilişim Hakkında İletişim Kurmak;P7.2 – Hesaplamalı süreçleri ve çözümleri hedef kitleye uygun teknik terminolojiyle açıklama, gerekçelendirme ve dokümante etme;;
1B-CS-02;1B;3-5;Görevleri başarmak için bilgisayar donanımı ve yazılımının bir sistem olarak nasıl birlikte çalıştığını modelleyin.;Bir kişinin bir bilgisayarla görevleri başarması için hem donanıma hem de yazılıma ihtiyacı vardır. Bu aşamada, bir model yalnızca girdi, çıktı, işlemci, sensörler ve depolama gibi bir bilgisayar sisteminin temel öğelerini içermelidir. Öğrenciler kağıt üzerinde veya bir çizim programında bir model çizebilir, bunu göstermek için bir animasyon programlayabilir veya bunu bir şekilde canlandırarak gösterebilirler.;Bilişim Sistemleri;Donanım ve Yazılım;Soyutlamalar Geliştirmek ve Kullanmak;P4.4 – Olguları, süreçleri ve sistemleri modelleyerek olası sonuçları anlama ve değerlendirme;;
1B-CS-03;1B;3-5;Yaygın sorun giderme stratejilerini kullanarak basit donanım ve yazılım sorunlarını çözmek için potansiyel çözümleri belirleyin.;Bilişim sistemleri farklılık gösterse de, yaygın sorun giderme stratejileri hepsinde kullanılabilir. Öğrenciler cihazın yanıt vermemesi, güç olmaması, ağ olmaması, uygulamanın çökmesi, ses olmaması veya şifre girişinin çalışmaması gibi sorunlara yönelik çözümler belirleyebilmelidir. Okulda hatalar meydana gelirse, amaç öğrencilerin bu sorunları çözmek için cihazı yeniden başlatmak, gücü kontrol etmek, ağ kullanılabilirliğini kontrol etmek, bir uygulamayı kapatıp yeniden açmak, hoparlörlerin açık veya kulaklıkların takılı olduğundan emin olmak ve caps lock tuşunun açık olmadığından emin olmak gibi çeşitli stratejiler kullanması olacaktır.;Bilişim Sistemleri;Sorun Giderme;Bilişimsel Eserleri Test Etme ve İyileştirme;P6.2 – Hataları sistematik biçimde belirleme ve düzeltme;;
1B-NI-04;1B;3-5;Bilgilerin nasıl daha küçük parçalara bölündüğünü, ağlar ve İnternet üzerinden birden çok cihaz aracılığıyla paketler halinde nasıl iletildiğini ve varış noktasında nasıl yeniden birleştirildiğini modelleyin.;Bilgiler fiziksel veya kablosuz yollarla gönderilir ve alınır. Paketler adı verilen daha küçük parçalara bölünür, bu paketler bağımsız olarak gönderilir ve hedefte yeniden birleştirilir. Öğrenciler bu bilgi akışına ilişkin anlayışlarını örneğin paketlerin nasıl iletildiğine dair bir model çizerek, paketlerin nasıl iletildiğini göstermek için bir animasyon programlayarak veya bunu bir şekilde canlandırdıkları bilgisayarsız (unplugged) bir etkinlikle gösterebilirler.;Ağlar ve İnternet;Ağ İletişimi ve Organizasyon;Soyutlamalar Geliştirmek ve Kullanmak;P4.4 – Olguları, süreçleri ve sistemleri modelleyerek olası sonuçları anlama ve değerlendirme;;
1B-NI-05;1B;3-5;Gerçek dünyadaki siber güvenlik sorunlarını ve kişisel bilgilerin nasıl korunabileceğini tartışın.;Kişisel mülkümüzü çevrimdışı olarak nasıl koruyorsak, cihazlarımızı ve onlarda saklanan bilgileri de korumamız gerekir. Bilgiler çeşitli güvenlik önlemleri kullanılarak korunabilir. Bu önlemler fiziksel ve/veya dijital olabilir. Öğrenciler, kişisel siber güvenlik sorunlarıyla ilgili konular hakkında sözlü veya yazılı olarak açıklama yapmak için bir günlük veya blog etkinliğini tartışabilir veya kullanabilirler. Tartışma konuları, siber güvenlikle ilgili güncel olaylara veya kayba karşı korunmak için verileri yedeklemenin gerekliliği, güçlü şifrelerin nasıl oluşturulacağı ve şifreleri paylaşmamanın önemi veya verileri ve sistemleri korumak için virüsten koruma yazılımını neden yükleyip güncel tutmamız gerektiği gibi öğrencilere uygulanabilecek konulara dayanabilir.;Ağlar ve İnternet;Siber Güvenlik;Bilişimsel Problemleri Tanıma ve Tanımlama;P3.1 – Hesaplamalı olarak çözülebilecek karmaşık ve gerçek dünya problemlerini belirleme;;
1B-DA-06;1B;3-5;İlişkileri vurgulamak ve bir iddiayı desteklemek için toplanan verileri görsel olarak düzenleyin ve sunun.;Ham verilerin tek başına pek anlamı yoktur. Veriler genellikle ek netlik sağlamak için sıralanır veya gruplandırılır. Verileri düzenlemek, onları yorumlamayı ve başkalarına iletmeyi kolaylaştırabilir. Veri noktaları bir dizi ortak özelliğe göre kümelenebilir. Veri kümesinin belirli yönlerini veya parçalarını vurgulamak için aynı veriler farklı şekillerde manipüle edilebilir. Örneğin, spor takımlarının veri kümesi galibiyetlere, atılan sayılara veya yenilen sayılara göre sıralanabilir ve hava durumu bilgilerinin veri kümesi yüksek sıcaklıklara, düşük sıcaklıklara veya yağışlara göre sıralanabilir.;Veri ve Analiz;Toplama Görselleştirme ve Dönüştürme;Bilişim Hakkında İletişim Kurmak;P7.1 – Farklı kaynaklardan gelen büyük veri kümelerini seçme, düzenleme ve yorumlayarak bir iddiayı destekleme;;
1B-DA-07;1B;3-5;Neden-sonuç ilişkilerini vurgulamak veya önermek, sonuçları tahmin etmek veya bir fikri iletmek için verileri kullanın.;Veri analizinin doğruluğu, verilerin ne kadar gerçekçi temsil edildiğiyle ilgilidir. Veriler yeterli değilse veya bir şekilde yanlışsa, verilere dayalı çıkarımların veya tahminlerin doğru olma olasılığı daha düşüktür. Öğrenciler bir fikri iletirken verilere atıfta bulunabilmelidir. Örneğin hız, zaman ve mesafe arasındaki ilişkiyi keşfetmek için öğrenciler bir robotu sabit hızda ve artan zaman aralıklarında çalıştırarak robotun bu hızda ne kadar uzağa gideceğini tahmin edebilirler. Doğru bir tahmin yapmak için, farklı zamanlarda bir veya iki deneme yeterli olmayacaktır. Robot ayrıca bir sensörden sıcaklık verileri toplayabilir, ancak bu veriler görevle ilgili olmayacaktır. Geçerli bir tahmin geliştirmek için öğrencilerin robotun kat ettiği mesafeyi de doğru ölçmeleri gerekir. Öğrenciler, sıcaklıkların yılın belirli aylarında daha yüksek olduğunu göstermek için her gün öğle saatindeki sıcaklığı bir temel olarak kaydedebilir. Sıcaklıklar okul olmayan günlerde kaydedilmezse veya yanlış veya günün farklı saatlerinde kaydedilirse, veriler eksik olur ve aktarılan fikirler yanlış olabilir. Öğrenciler ayrıca verilerin toplandığı haftanın gününü de kaydedebilirler, ancak bunun sıcaklıkların yüksek veya düşük olmasıyla hiçbir ilgisi olmayacaktır. Öğrenciler, fikri iletmek için yeterli ve doğru verilere sahip olmak amacıyla devletin bir meteoroloji kurumu tarafından sağlanan verileri kullanmak isteyebilirler.;Veri ve Analiz;Çıkarım ve Modeller;Bilişim Hakkında İletişim Kurmak;P7.1 – Farklı kaynaklardan gelen büyük veri kümelerini seçme, düzenleme ve yorumlayarak bir iddiayı destekleme;;
1B-AP-08;1B;3-5;Aynı görev için birden fazla algoritmayı karşılaştırın ve geliştirin ve hangisinin en uygun olduğunu belirleyin.;Farklı algoritmalar aynı sonuca ulaşabilir, ancak bazen belirli bir durum için bir algoritma daha uygun olabilir. Öğrenciler, aynı görevi çözmenin farklı yollarına bakabilmeli ve hangisinin en iyi çözüm olacağına karar verebilmelidir. Örneğin öğrenciler, bir noktadan diğerine gitmek için bir harita kullanabilir ve birden fazla algoritma planlayabilirler. Harita yazılımı tarafından önerilen rotalara bakabilir ve rotayı, hangi rotanın en kısa veya en hızlı olduğuna veya bir sorundan kaçınacağına bağlı olarak daha iyi olacak bir şeyle değiştirebilirler. Öğrenciler, okula nasıl hazırlanacaklarını açıklayan algoritmaları karşılaştırabilirler. Başka bir örnek olarak, düzgün bir çokgen çizmek için farklı algoritmalar yazmak ve farklı bir çokgen çizmek için hangi algoritmanın değiştirilmesinin veya yeniden amaçlandırılmasının daha kolay olacağını belirlemek olabilir.;Algoritmalar ve Programlama;Algoritmalar;Bilişimsel Eserleri Test Etme ve İyileştirme, Bilişimsel Problemleri Tanıma ve Tanımlama;P6.3 – Performans, güvenilirlik, kullanılabilirlik ve erişilebilirliği artırmak için ürünü iyileştirme;P3.3 – Bir problemin bilgisayar/teknoloji ile çözülmesinin uygun ve uygulanabilir olup olmadığını değerlendirme;
1B-AP-09;1B;3-5;Verileri depolamak ve değiştirmek için değişkenler kullanan programlar oluşturun.;Değişkenler verileri depolamak ve değiştirmek için kullanılır. Bu seviyede değişkenlerin nasıl kullanılacağını anlamak yeterlidir. Örneğin öğrenciler, bir oyunun puanına ekleme yapmak veya bir oyundaki mevcut can sayısından çıkarma yapmak için matematiksel işlemler kullanabilirler. Değişkenin geri sayım sayacı olarak kullanılması başka bir örnektir.;Algoritmalar ve Programlama;Değişkenler;Bilişimsel Eserler Yaratmak;P5.2 – Pratik amaç, kişisel ifade veya toplumsal sorun için dijital ürün oluşturma;;
1B-AP-10;1B;3-5;Diziler, olaylar, döngüler ve koşullar içeren programlar oluşturun.;Kontrol yapıları, bir program içindeki talimatların yürütülme sırasını (dizi) belirtir ve daha karmaşık programların oluşturulmasını desteklemek için birleştirilebilir. Olaylar, bir programın belirli bölümlerinin belirli bir eyleme bağlı olarak çalışmasını sağlar. Örneğin öğrenciler su döngüsünü açıklayan bir program yazabilir ve belirli bir bileşene tıklandığında (olay), program su döngüsünün o bölümü hakkında bilgi gösterir. Koşullar, belirli bir koşul doğru olduğunda bir programdaki kodun bir kısmının yürütülmesine izin verir. Örneğin öğrenciler, çarpım tablosu soruları soran bir matematik oyunu yazabilir ve ardından girilen yanıtın doğru olup olmadığını kontrol etmek için bir koşul kullanabilirler. Döngüler, bir kod dizisinin birden çok kez tekrarlanmasına izin verir. Örneğin, ünlü tarihi bir karakter hakkında bir animasyon üreten bir programda öğrenciler, karakter kendini tanıtırken ekranda yürümesini sağlamak için bir döngü kullanabilirler.;Algoritmalar ve Programlama;Kontrol;Bilişimsel Eserler Yaratmak;P5.2 – Pratik amaç, kişisel ifade veya toplumsal sorun için dijital ürün oluşturma;;
1B-AP-11;1B;3-5;Program geliştirme sürecini kolaylaştırmak için sorunları daha küçük, yönetilebilir alt sorunlara ayırın (ayrıştırın).;Ayrıştırma, görevleri daha basit görevlere ayırma eylemidir. Örneğin öğrenciler bir hikayeyi farklı sahnelere ayırarak bir animasyon oluşturabilirler. Her sahne için bir arka plan seçer, karakterleri yerleştirir ve eylemleri programlarlar.;Algoritmalar ve Programlama;Modülerlik;Bilişimsel Problemleri Tanıma ve Tanımlama;P3.2 – Karmaşık problemleri yönetilebilir alt problemlere ayırma;;
1B-AP-12;1B;3-5;Yeni bir şey geliştirmek veya daha gelişmiş özellikler eklemek için mevcut bir programın bölümlerini kendi çalışmalarınıza dahil edin, değiştirin veya yeniden düzenleyin (remix).;Programlar, yeni veya mevcut programlara dahil edilebilecek daha küçük parçalara ayrılabilir. Örneğin, öğrenciler tek oyunculu bir oyundan önceden yazılmış kodu, biraz farklı kurallara sahip iki oyunculu bir oyun oluşturmak için değiştirebilir, hareketli bir hikayeye başka bir sahne ekleyip yeniden düzenleyebilir, yeni bir basketbol oyununda başka bir programdan topu zıplatmak için kodu kullanabilir veya başka bir öğrenci tarafından oluşturulan bir resmi değiştirebilirler.;Algoritmalar ve Programlama;Modülerlik;Bilişimsel Eserler Yaratmak;P5.3 – Mevcut bir dijital ürünü iyileştirme veya özelleştirme;;
1B-AP-13;1B;3-5;Başkalarının bakış açılarını dahil ederek ve kullanıcı tercihlerini göz önünde bulundurarak bir programın geliştirilmesini planlamak için yinelemeli bir süreç kullanın.;Planlama, program geliştirmenin yinelemeli sürecinin önemli bir parçasıdır. Öğrenciler temel özellikleri, zaman ve kaynak kısıtlamalarını ve kullanıcı beklentilerini ana hatlarıyla belirlerler. Öğrenciler planı örneğin bir hikaye panosu, akış şeması, sözde kod (pseudocode) veya hikaye haritası olarak belgelemelidir.;Algoritmalar ve Programlama;Program Geliştirme;Kapsayıcı Bir Bilişim Kültürünü Teşvik Etmek, Bilişimsel Eserler Yaratmak;P1.1 – Farklı bakış açılarını dahil etme ve kendi bakış açısını değerlendirme;P5.1 – Dijital ürün geliştirmeyi yinelemeli bir süreçle planlama;
1B-AP-14;1B;3-5;Programlar oluştururken veya yeniden düzenlerken (remix) fikri mülkiyet haklarına uyun ve uygun atıfta bulunun.;Fikri mülkiyet hakları ülkeye göre değişebilir ancak telif hakkı yasaları, bir eserin yaratıcısına, başkalarının eseri kopyalamasını ve hoşlarına gitmeyebilecek şekillerde kullanmasını engelleyen bir dizi hak verir. Öğrenciler, fikirlerin ödünç alındığı ve tekrarlandığı yeniden düzenleme (remix) örneklerini belirlemeli ve asıl yaratıcıya atıfta bulunmalıdır. Öğrenciler ayrıca internetten indirilen resimler ve müzik gibi bilişimsel eserlerin kullanımına sınırlamalar veya kısıtlamalar getiren yaygın lisansları da göz önünde bulundurmalıdır. Bu aşamada, atıf öğretmen tarafından istenen biçimde yazılmalı ve her zaman çevrimiçi paylaşılan programlara dahil edilmelidir.;Algoritmalar ve Programlama;Program Geliştirme;Bilişimsel Eserler Yaratmak, Bilişim Hakkında İletişim Kurmak;P5.2 – Pratik amaç, kişisel ifade veya toplumsal sorun için dijital ürün oluşturma;P7.3 – Fikri mülkiyet haklarına uyarak ve uygun kaynak göstererek fikirleri sorumlu biçimde ifade etme;
1B-AP-15;1B;3-5;Amacına uygun çalıştığından emin olmak için bir programı veya algoritmayı test edin ve hataları ayıklayın (hataları belirleyin ve düzeltin).;Öğrenciler programlar geliştirirken, bekleneni yapıp yapmadıklarını görmek için bu programları sürekli olarak test etmeli ve hataları düzeltmelidir (hata ayıklama). Öğrenciler ayrıca başkaları tarafından oluşturulan programlardaki basit hataları da başarıyla ayıklayabilmelidir.;Algoritmalar ve Programlama;Program Geliştirme;Bilişimsel Eserleri Test Etme ve İyileştirme;P6.1 – Tüm senaryoları ve test durumlarını dikkate alarak sistematik test yapma;P6.2 – Hataları sistematik biçimde belirleme ve düzeltme;
1B-AP-16;1B;3-5;Program geliştirmenin tasarım, uygulama ve inceleme aşamalarında akranlarla işbirliği yaparken öğretmen rehberliğinde değişen rolleri üstlenin.;İşbirlikçi bilişim, çiftler veya takımlar halinde çalışarak bilişimsel bir görevi yerine getirme sürecidir. Başkalarının katkılarını ve geri bildirimlerini istemeyi içerdiği için etkili işbirliği, bağımsız çalışmaktan daha iyi sonuçlara yol açabilir. Öğrenciler, program geliştirme sırasında not tutan, kolaylaştırıcı, program test edici veya bilgisayarın 'sürücüsü' gibi farklı rollerde sırayla çalışmalıdır.;Algoritmalar ve Programlama;Program Geliştirme;Bilişim Etrafında İşbirliği Yapmak;P2.2 – Ekip normları, beklentiler ve adil görev paylaşımı oluşturma;;
1B-AP-17;1B;3-5;Kod yorumları, sunumlar ve gösterimler kullanarak program geliştirme sırasında yapılan seçimleri açıklayın.;İnsanlar, başkalarının programlarını anlamalarına ve kullanmalarına yardımcı olmak için kodları hakkında iletişim kurarlar. Tasarım seçimlerini iletmenin bir başka amacı da kişinin kendi çalışmasını anladığını göstermesidir. Bu açıklamalar, ortak çalışanlar ve değerlendiriciler için satır içi kod yorumları olarak veya kod gözden geçirme (walk-through) veya kodlama günlüğü gibi özetleyici bir sunumun parçası olarak ortaya çıkabilir.;Algoritmalar ve Programlama;Program Geliştirme;Bilişim Hakkında İletişim Kurmak;P7.2 – Hesaplamalı süreçleri ve çözümleri hedef kitleye uygun teknik terminolojiyle açıklama, gerekçelendirme ve dokümante etme;;
1B-IC-18;1B;3-5;Dünyayı değiştiren bilişim teknolojilerini tartışın ve bu teknolojilerin kültürel uygulamaları nasıl etkilediğini ve onlardan nasıl etkilendiğini ifade edin.;"Yeni bilişim teknolojisi, faydalarını artırmak, risklerini azaltmak ve toplumsal ihtiyaçları karşılamak gibi birçok nedenden dolayı yaratılır ve mevcut teknolojiler değiştirilir. Öğrenciler, öğretmenlerinin rehberliğinde, teknolojinin tarihine ve teknoloji nedeniyle dünyadaki değişikliklere ilişkin konuları tartışmalıdır. Konular; robotik, kablosuz İnternet, mobil bilişim cihazları, GPS sistemleri, giyilebilir teknoloji veya sosyal medyanın sosyal ve politik değişiklikleri nasıl etkilediği gibi güncel haber içeriklerine dayanabilir.";Bilişimin Etkileri;Kültür;Bilişimsel Problemleri Tanıma ve Tanımlama;P3.1 – Hesaplamalı olarak çözülebilecek karmaşık ve gerçek dünya problemlerini belirleme;;
1B-IC-19;1B;3-5;Kullanıcıların çeşitli ihtiyaç ve istekleri için teknoloji ürünlerinin erişilebilirliğini ve kullanılabilirliğini iyileştirmenin yolları hakkında beyin fırtınası yapın.;Bilişim teknolojisinin geliştirilmesi ve değiştirilmesi insanların ihtiyaçları ve istekleri tarafından yönlendirilir ve grupları farklı şekilde etkileyebilir. Farklı son kullanıcıların ihtiyaç ve isteklerini öngörmek, öğrencilerin farklı geçmişlere, yetenek seviyelerine, bakış açılarına ve engellere sahip kullanıcıların potansiyel bakış açılarını amaçlı olarak dikkate almalarını gerektirir. Örneğin öğrenciler bir oyunda bilgi aktarmak istediklerinde hem konuşma hem de metin kullanmayı düşünebilirler. Ayrıca herkesin kendi zevklerini paylaşmadığını bilerek oluşturdukları program türlerini de çeşitlendirmek isteyebilirler.;Bilişimin Etkileri;Kültür;Kapsayıcı Bir Bilişim Kültürünü Teşvik Etmek;P1.2 – Farklı kullanıcı ihtiyaçlarını dikkate alarak erişilebilir ve kullanılabilir ürün tasarlama;;
1B-IC-20;1B;3-5;Bilişimsel eserleri geliştirmek amacıyla farklı bakış açıları arayın.;Bilişim, fikirlerin paylaşılması ve işbirliği yapılması olasılığını sağlar ve farklı bakış açılarından faydalanmaya olanak tanır. Örneğin öğrenciler, sınıflarındaki diğer gruplardan veya başka bir sınıf seviyesindeki öğrencilerden geri bildirim isteyebilirler. Veya öğretmenlerinin rehberliğinde programlama projeleri hakkında bireylerden ve gruplardan geri bildirim toplamak için video konferans araçlarını veya bloglar, wikiler, forumlar veya web sitesi yorumları gibi diğer çevrimiçi ortak çalışma alanlarını kullanabilirler.;Bilişimin Etkileri;Sosyal Etkileşimler;Kapsayıcı Bir Bilişim Kültürünü Teşvik Etmek;P1.1 – Farklı bakış açılarını dahil etme ve kendi bakış açısını değerlendirme;;
1B-IC-21;1B;3-5;Kamu malı veya creative commons (yaratıcı ortaklık) medyası kullanın ve başkaları tarafından oluşturulan materyalleri izinsiz kopyalamaktan veya kullanmaktan kaçının.;Etik komplikasyonlar bilişimin sağladığı fırsatlardan kaynaklanır. İnternette video, fotoğraf ve müzik gibi medyanın kopyalarını gönderme ve alma kolaylığı, çevrimiçi korsanlık gibi yetkisiz kullanım ve telif haklarının hiçe sayılması fırsatını yaratır. Öğrenciler, kullanmak istedikleri bilişimsel eserlerin lisanslarını dikkate almalıdır. Örneğin indirilen bir resim veya ses dosyasının lisansı, değiştirmeyi yasaklayan, atıfta bulunmayı gerektiren veya kullanımı tamamen yasaklayan kısıtlamalara sahip olabilir.;Bilişimin Etkileri;Güvenlik Hukuk ve Etik;Bilişim Hakkında İletişim Kurmak;P7.3 – Fikri mülkiyet haklarına uyarak ve uygun kaynak göstererek fikirleri sorumlu biçimde ifade etme;;
2-CS-01;2;6-8;Kullanıcıların cihazlarla nasıl etkileşime girdiğine dair bir analize dayanarak bilişim cihazlarının tasarımında iyileştirmeler önerin.;İnsan-bilgisayar etkileşimi (HCI) çalışması hem donanım hem de yazılım dahil olmak üzere cihazların tasarımını iyileştirebilir. Öğrenciler mevcut cihazlar (örneğin dizüstü bilgisayar, telefon veya tablet) için önerilerde bulunmalı veya kendi bileşenlerini veya arayüzlerini tasarlamalıdır (örneğin kendi kontrollerini oluşturmalıdır). Öğretmenler, erişilebilirlik, ergonomi ve öğrenilebilirlik gibi çeşitli açılardan kullanılabilirliği dikkate almaları için öğrencilere rehberlik edebilir. Örneğin yardımcı cihazlar yazılı bilgileri tarama ve konuşmaya dönüştürme gibi yetenekler sağlar.;Bilişim Sistemleri;Cihazlar;Bilişimsel Problemleri Tanıma ve Tanımlama;P3.3 – Bir problemin bilgisayar/teknoloji ile çözülmesinin uygun ve uygulanabilir olup olmadığını değerlendirme;;
2-CS-02;2;6-8;Veri toplamak ve değiş tokuş etmek için donanım ve yazılım bileşenlerini birleştiren projeler tasarlayın.;Verilerin toplanması ve değiş tokuşu girdi, çıktı, depolama ve işlemeyi içerir. Öğrenciler mümkün olduğunda proje tasarımları için işlevsellik, maliyet, boyut, hız, erişilebilirlik ve estetik gibi faktörleri göz önünde bulundurarak donanım ve yazılım bileşenlerini seçmelidir. Örneğin bir mobil uygulama için bileşenler ivmeölçer, GPS ve konuşma tanıma içerebilir. Kablosuz bir Bluetooth bağlantısı ile fiziksel bir USB bağlantısı üzerinden bağlanan bir cihaz seçimi, mobilite ile kablosuz cihaz için ek bir güç kaynağı ihtiyacı arasında bir ödünleşimi (trade-off) içerir.;Bilişim Sistemleri;Donanım ve Yazılım;Bilişimsel Eserler Yaratmak;P5.1 – Dijital ürün geliştirmeyi yinelemeli bir süreçle planlama;;
2-CS-03;2;6-8;Bilişim cihazları ve bileşenleriyle ilgili sorunları sistematik olarak belirleyin ve düzeltin.;Bir bilişim cihazı bir sistem içindeki birbirine bağlı cihazlarla etkileşime girebileceğinden, sorunlar söz konusu bilişim cihazının kendisinden değil, ona bağlı cihazlardan kaynaklanabilir. Pilotların uçak sistemlerindeki sorunları gidermek için kontrol listeleri kullanması gibi, öğrenciler de bilişim sistemleriyle ilgili sorunları gidermek ve potansiyel çözümlerin gözden kaçmadığından emin olmak için benzer, yapılandırılmış bir süreç kullanmalıdır. Sorun giderme stratejilerine örnek olarak bir sorun giderme akış şemasını izlemek, donanımın çalışıp çalışmayacağını görmek için yazılımda değişiklikler yapmak, bağlantıları ve ayarları kontrol etmek ve çalışan bileşenlerle değiştirmek verilebilir.;Bilişim Sistemleri;Sorun Giderme;Bilişimsel Eserleri Test Etme ve İyileştirme;P6.2 – Hataları sistematik biçimde belirleme ve düzeltme;;
2-NI-04;2;6-8;Ağlar ve İnternet üzerinden veri iletiminde protokollerin rolünü modelleyin.;Protokoller, bilgisayarlar arasındaki mesajların nasıl gönderileceğini tanımlayan kurallardır. Bilgilerin ağlar ve İnternet üzerinden ne kadar hızlı ve güvenli bir şekilde iletildiğini ve iletimdeki hataların nasıl ele alınacağını belirlerler. Öğrenciler en hızlı yolu seçmek, eksik bilgileri ele almak ve hassas verileri güvenli bir şekilde teslim etmek için protokoller kullanılarak verilerin nasıl gönderildiğini modellemelidir. Örneğin öğrenciler, kaybolan bilgileri yeniden göndermek veya eksik parçaları olan bir resmi yorumlamak için bir plan tasarlayabilirler. Bu sınıf seviyesindeki öncelik, protokollerin amacını ve güvenli ve hatasız iletişimi nasıl sağladıklarını anlamaktır. Belirli protokollerin nasıl çalıştığına dair detaylı bilgi beklenmemektedir.;Ağlar ve İnternet;Ağ İletişimi ve Organizasyon;Soyutlamalar Geliştirmek ve Kullanmak;P4.4 – Olguları, süreçleri ve sistemleri modelleyerek olası sonuçları anlama ve değerlendirme;;
2-NI-05;2;6-8;Fiziksel ve dijital güvenlik önlemlerinin elektronik bilgileri nasıl koruduğunu açıklayın.;Çevrimiçi depolanan bilgiler istenmeyen erişime karşı savunmasızdır. Verileri korumaya yönelik fiziksel güvenlik önlemlerine örnek olarak şifreleri gizli tutmak, kapıları kilitlemek, harici depolama aygıtlarında yedek kopyalar almak ve yeniden kullanılmadan önce bir depolama aygıtını silmek verilebilir. Dijital güvenlik önlemlerine örnek olarak güvenli yönlendirici (router) yönetici şifreleri, özel ağlara erişimi sınırlayan güvenlik duvarları ve güvenli veri iletimi sağlamak için HTTPS gibi bir protokolün kullanılması verilebilir.;Ağlar ve İnternet;Siber Güvenlik;Bilişim Hakkında İletişim Kurmak;P7.2 – Hesaplamalı süreçleri ve çözümleri hedef kitleye uygun teknik terminolojiyle açıklama, gerekçelendirme ve dokümante etme;;
2-NI-06;2;6-8;Bilgilerin güvenli iletimini modellemek için birden fazla şifreleme yöntemi uygulayın.;Şifreleme, harf değiştirme kadar basit veya ağları ve İnternet'i güvence altına almak için kullanılan modern yöntemler kadar karmaşık olabilir. Öğrenciler çeşitli şifreleme yöntemlerini kullanarak mesajları kodlamalı ve kodlarını çözmeli ve bilgileri gizlemek veya güvence altına almak için kullanılan farklı karmaşıklık düzeylerini anlamalıdır. Örneğin öğrenciler Caesar şifreleri veya steganografi (yani mesajları bir resmin veya diğer verilerin içine saklamak) gibi yöntemler kullanarak mesajları güvence altına alabilirler. Ayrıca bilgisayarsız (unplugged) etkinlikler aracılığıyla genel anahtar şifrelemesi gibi daha karmaşık yöntemleri de modelleyebilirler.;Ağlar ve İnternet;Siber Güvenlik;Soyutlamalar Geliştirmek ve Kullanmak;P4.4 – Olguları, süreçleri ve sistemleri modelleyerek olası sonuçları anlama ve değerlendirme;;
2-DA-07;2;6-8;Verileri çoklu kodlama şemaları kullanarak temsil edin.;Veri temsilleri, bitlerin fiziksel olarak depolanmasından bilgilerin düzenli formatlarda (örneğin tablolar) düzenlenmesine kadar birden fazla soyutlama seviyesinde gerçekleşir. Öğrenciler aynı veriyi birden fazla yolla temsil etmelidir. Örneğin öğrenciler aynı rengi ikili (binary), RGB değerleri, onaltılık (hex) kodlar (düşük seviyeli temsiller) kullanarak, ayrıca kelimeler, semboller ve rengin dijital görüntüleri dahil olmak üzere insanların anlayabileceği formlarda (yüksek seviyeli temsiller) temsil edebilirler.;Veri ve Analiz;Depolama;Soyutlamalar Geliştirmek ve Kullanmak;P4 – Soyutlama ve modelleme yaparak karmaşıklığı azaltma;;
2-DA-08;2;6-8;Bilişimsel araçları kullanarak veri toplayın ve verileri daha kullanışlı ve güvenilir hale getirmek için dönüştürün.;Öğrenciler bir iddiayı desteklemek için verileri organize etme ve görsel olarak sunma yeteneklerini geliştirmeye devam ettikçe, verileri bu amaçla ne zaman ve nasıl dönüştüreceklerini anlamaları gerekecektir. Öğrenciler, hataları gidermek, ilişkileri vurgulamak veya ortaya çıkarmak ve/veya bilgisayarların işlemesini kolaylaştırmak için verileri dönüştürmelidir. Verilerin temizlenmesi, tutarlı format sağlamak, gürültü ve hataları azaltmak (örneğin bir anketteki alakasız yanıtları kaldırmak) için önemli bir dönüşümdür. Bir ilişkiyi vurgulayan bir dönüşüm örneği, erkekleri ve kadınları bireysel sayılar yerine bir bütünün yüzdeleri olarak temsil etmektir.;Veri ve Analiz;Toplama Görselleştirme ve Dönüştürme;Bilişimsel Eserleri Test Etme ve İyileştirme;P6.3 – Performans, güvenilirlik, kullanılabilirlik ve erişilebilirliği artırmak için ürünü iyileştirme;;
2-DA-09;2;6-8;Bilişimsel modelleri ürettikleri verilere dayanarak geliştirin.;Bir model, olayların programlanmış bir simülasyonu veya çeşitli verilerin birbiriyle nasıl ilişkili olduğunun bir temsili olabilir. Bir modeli geliştirmek için öğrencilerin hangi veri noktalarının ilgili olduğunu, veri noktalarının birbirleriyle nasıl ilişkili olduğunu ve verilerin doğru olup olmadığını düşünmeleri gerekir. Örneğin öğrenciler bir yolun yüksekliği ve açısıyla ilgili bir veri tablosuna dayanarak bir topun ne kadar uzağa gideceği hakkında bir tahminde bulunabilirler. Öğrenciler daha sonra tahmin edilen sonuçlarla gerçek sonuçları karşılaştırarak ve diğer faktörlerin (örneğin topun boyutu ve kütlesi) ilgili olup olmadığını düşünerek modellerini test edebilir ve geliştirebilirler. Ek olarak öğrenciler, oyunu daha dengeli veya adil hale getirmek için test sonuçlarına dayanarak oyun mekaniğini geliştirebilirler.;Veri ve Analiz;Çıkarım ve Modeller;Bilişimsel Eserler Yaratmak, Soyutlamalar Geliştirmek ve Kullanmak;P5.3 – Mevcut bir dijital ürünü iyileştirme veya özelleştirme;P4.4 – Olguları, süreçleri ve sistemleri modelleyerek olası sonuçları anlama ve değerlendirme;
2-AP-10;2;6-8;Karmaşık sorunları algoritmalar olarak ele almak için akış şemaları ve/veya sözde kod (pseudocode) kullanın.;Karmaşık sorunlar, öğrencilerin bilişimsel olarak çözmesi zor olan sorunlardır. Öğrenciler çözümleri fiilen programlamasalar bile, karmaşık bir sorunu ele alan bir algoritmayı düzenlemek ve sıralamak için sözde kod ve/veya akış şemaları kullanmalıdır. Örneğin öğrenciler boyut, renkler, marka, konfor ve maliyet gibi girdilere dayanarak spor ayakkabı satın almak için bir öneri üreten bir algoritma ifade edebilirler. Algoritmayı çok çeşitli girdiler ve kullanıcılarla test etmek, öğrencilerin öneri algoritmalarını geliştirmelerine ve başlangıçta hariç tutmuş olabilecekleri diğer girdileri belirlemelerine olanak tanır.;Algoritmalar ve Programlama;Algoritmalar;Soyutlamalar Geliştirmek ve Kullanmak;P4.4 – Olguları, süreçleri ve sistemleri modelleyerek olası sonuçları anlama ve değerlendirme;P4.1 – İlişkili süreçlerden veya karmaşık olgulardan ortak özellikleri çıkarma;
2-AP-11;2;6-8;Farklı veri türlerini temsil eden açıkça adlandırılmış değişkenler oluşturun ve değerleri üzerinde işlemler gerçekleştirin.;Bir değişken, içeriği değişebilen ancak adı (tanımlayıcı) değişmeyen adı olan bir kaba benzer. Programları planlarken ve geliştirirken, öğrenciler ne zaman ve nasıl yeni değişkenler bildireceklerine ve adlandıracaklarına karar vermelidir. Öğrenciler programın okunabilirliğini artırmak için adlandırma kurallarını kullanmalıdır. İşlem örnekleri arasında puana puan eklemek, bir cümle oluşturmak için kullanıcı girdisini kelimelerle birleştirmek, bir resmin boyutunu değiştirmek veya bir kişi listesine bir ad eklemek yer alır.;Algoritmalar ve Programlama;Değişkenler;Bilişimsel Eserler Yaratmak;P5.1 – Dijital ürün geliştirmeyi yinelemeli bir süreçle planlama;P5.2 – Pratik amaç, kişisel ifade veya toplumsal sorun için dijital ürün oluşturma;
2-AP-12;2;6-8;İç içe döngüler ve bileşik koşullar dahil olmak üzere kontrol yapılarını birleştiren programlar tasarlayın ve yinelemeli olarak geliştirin.;Kontrol yapıları birçok şekilde birleştirilebilir. İç içe döngüler, döngülerin içine yerleştirilmiş döngülerdir. Bileşik koşullar, mantıksal bir ilişkide (örneğin, VE, VEYA ve DEĞİL kullanarak) iki veya daha fazla koşulu birleştirir ve koşulları birbiri içine yerleştirmek, bir koşulun sonucunun diğerine yol açmasını sağlar. Örneğin, etkileşimli bir hikaye programlarken öğrenciler bir karakterin bir anahtarı varsa VE kapıya dokunuyorsa kapının kilidini açmak için bir döngü içinde bileşik bir koşul kullanabilirler.;Algoritmalar ve Programlama;Kontrol;Bilişimsel Eserler Yaratmak;P5.1 – Dijital ürün geliştirmeyi yinelemeli bir süreçle planlama;P5.2 – Pratik amaç, kişisel ifade veya toplumsal sorun için dijital ürün oluşturma;
2-AP-13;2;6-8;Programların tasarımını, uygulanmasını ve incelenmesini kolaylaştırmak için sorunları ve alt sorunları parçalara ayırın.;Öğrenciler sorunları alt sorunlara ayırmalıdır, bu alt sorunlar da daha küçük parçalara ayrılabilir. Ayrıştırma, öğrencilerin her seferinde tek bir parçaya (örneğin kullanıcıdan girdi alma, verileri işleme ve sonucu kullanıcıya gösterme) odaklanmasını sağlayarak program geliştirmenin yönlerini kolaylaştırır. Ayrıştırma ayrıca farklı öğrencilerin aynı anda farklı parçalar üzerinde çalışmasına olanak tanır. Örneğin animasyonlar, bağımsız olarak geliştirilebilen birden fazla sahneye ayrılabilir.;Algoritmalar ve Programlama;Modülerlik;Bilişimsel Problemleri Tanıma ve Tanımlama;P3.2 – Karmaşık problemleri yönetilebilir alt problemlere ayırma;;
2-AP-14;2;6-8;Kodu düzenlemek ve yeniden kullanımını kolaylaştırmak için parametreleri olan prosedürler oluşturun.;"Öğrenciler talimat gruplarını tekrarlamak için bir program içinde birden çok kez kullanılan prosedürler ve/veya işlevler oluşturmalıdır. Bu prosedürler, geniş bir girdi yelpazesi için farklı çıktılar yaratan parametreler tanımlanarak genelleştirilebilir. Örneğin, bir daire çizme prosedürü birçok talimat içerir, ancak hepsi ""drawCircle"" gibi tek bir talimatla çağrılabilir. Bir yarıçap parametresi ekleyerek, kullanıcı kolayca farklı boyutlarda daireler çizebilir.";Algoritmalar ve Programlama;Modülerlik;Soyutlamalar Geliştirmek ve Kullanmak;P4.1 – İlişkili süreçlerden veya karmaşık olgulardan ortak özellikleri çıkarma;P4.3 – Farklı durumlarda kullanılabilecek modüller ve etkileşim noktaları geliştirme;
2-AP-15;2;6-8;Kullanıcı ihtiyaçlarını karşılayan bir çözümü geliştirmek için ekip üyelerinden ve kullanıcılardan geri bildirim isteyin ve bunları dahil edin.;Kullanıcı merkezli tasarım uygulayan geliştirme ekipleri, konuşma güçlüğü çeken kişilerin anlaşılması zor telaffuzları anlaşılır bir dile çevirmesine olanak tanıyan bir uygulama gibi, toplumsal etkisi büyük olabilecek çözümler (örneğin programlar ve cihazlar) yaratırlar. Öğrenciler, bilişimsel eserlerini geliştirmek için tasarım süreci boyunca farklı bakış açıları aramaya başlamalıdır. Son kullanıcının düşünceleri arasında kullanılabilirlik, erişilebilirlik, yaşa uygun içerik, saygılı dil, kullanıcı perspektifi, zamir kullanımı, renk kontrastı ve kullanım kolaylığı yer alabilir.;Algoritmalar ve Programlama;Program Geliştirme;Bilişim Etrafında İşbirliği Yapmak, Kapsayıcı Bir Bilişim Kültürünü Teşvik Etmek;P2.3 – Geri bildirim isteme, kullanma ve yapıcı geri bildirim verme;P1.1 – Farklı bakış açılarını dahil etme ve kendi bakış açısını değerlendirme;
2-AP-16;2;6-8;Mevcut kodları, medyayı ve kütüphaneleri orijinal programlara dahil edin ve atıfta bulunun.;Başkalarının çalışmaları üzerine inşa etmek, öğrencilerin daha ilginç ve güçlü yaratımlar üretmesini sağlar. Öğrenciler kod, algoritma ve/veya dijital medyanın bölümlerini kendi programlarında ve web sitelerinde kullanmalıdır. Bu seviyede, kütüphaneleri de içe aktarabilir ve web uygulama programı arayüzlerine (API'ler) bağlanabilirler. Örneğin öğrenciler yana kaydırmalı (side-scrolling) bir oyun yaratırken, başka bir kişinin oyunundan gerçekçi bir atlama hareketi yaratan kod bölümlerini dahil edebilir ve arka planda kullanmak için Creative Commons lisanslı resimleri de içe aktarabilirler. Öğrenciler, katkılarını kabul etmek için orijinal yaratıcılara atıfta bulunmalıdır.;Algoritmalar ve Programlama;Program Geliştirme;Soyutlamalar Geliştirmek ve Kullanmak, Bilişimsel Eserler Yaratmak, Bilişim Hakkında İletişim Kurmak;P4.2 – Mevcut teknolojik işlevleri değerlendirip yeni tasarımlara dahil etme;P5.2 – Pratik amaç, kişisel ifade veya toplumsal sorun için dijital ürün oluşturma;P7.3 – Fikri mülkiyet haklarına uyarak ve uygun kaynak göstererek fikirleri sorumlu biçimde ifade etme
2-AP-17;2;6-8;Bir dizi test senaryosu kullanarak programları sistematik olarak test edin ve iyileştirin.;Kullanıcıların ihtiyaçlarını daha iyi karşılamak ve programların amaçlandığı gibi işleyip işlemediğini değerlendirmek için kullanım senaryoları ve test senaryoları oluşturulur ve analiz edilir. Bu düzeyde test etme, daha düşük düzeylerdekinden daha yinelemeli, sistematik ve proaktif olan kasıtlı bir süreç haline gelmelidir. Öğrenciler, kullanıcının geçersiz girdi girmesi durumunda ne olacağı (örneğin pozitif sayılar yerine negatif sayılar ve 0) gibi olası hataları göz önünde bulundurarak programları test etmeye başlamalıdır.;Algoritmalar ve Programlama;Program Geliştirme;Bilişimsel Eserleri Test Etme ve İyileştirme;P6.1 – Tüm senaryoları ve test durumlarını dikkate alarak sistematik test yapma;;
2-AP-18;2;6-8;Bilişimsel eserleri ortaklaşa geliştirirken görevleri dağıtın ve proje zaman çizelgesini koruyun.;İşbirliği, programlama geliştirmede yaygın ve çok önemli bir uygulamadır. Genellikle birçok kişi ve grup bir projenin birbirine bağlı parçaları üzerinde birlikte çalışır. Öğrenciler takımları içinde önceden tanımlanmış rolleri üstlenmeli ve yapılandırılmış zaman çizelgeleri kullanarak proje iş akışını yönetmelidir. Öğretmen rehberliği ile ortak hedefler, beklentiler ve adil iş yükleri oluşturmaya başlayacaklardır. Örneğin öğrenciler, bir oyunun tasarım aşamasını hikaye panosunu planlamak, akış şeması ve oyun mekaniğinin farklı bölümlerine ayırabilir. Daha sonra görevleri ve rolleri takım üyeleri arasında dağıtabilir ve teslim tarihleri belirleyebilirler.;Algoritmalar ve Programlama;Program Geliştirme;Bilişim Etrafında İşbirliği Yapmak;P2.2 – Ekip normları, beklentiler ve adil görev paylaşımı oluşturma;;
2-AP-19;2;6-8;Programları izlemeyi, test etmeyi ve hatalarını ayıklamayı kolaylaştırmak için belgeleyin.;Belgeleme, yaratıcıların ve başkalarının bir programı daha kolay kullanmasına ve anlamasına olanak tanır. Öğrenciler, son kullanıcılar için eserlerini ve bunların nasıl çalıştığını açıklayan belgeler sağlamalıdır. Örneğin, öğrenciler projeye genel bir bakış ve net kullanıcı talimatları sunabilirler. Ayrıca ürünlerine yorumlar eklemeli ve süreçlerini tasarım belgeleri, akış şemaları ve sunumlar kullanarak iletmelidirler.;Algoritmalar ve Programlama;Program Geliştirme;Bilişim Hakkında İletişim Kurmak;P7.2 – Hesaplamalı süreçleri ve çözümleri hedef kitleye uygun teknik terminolojiyle açıklama, gerekçelendirme ve dokümante etme;;
2-IC-20;2;6-8;İnsanların günlük faaliyetlerini ve kariyer seçeneklerini etkileyen bilişim teknolojileriyle ilişkili ödünleşimleri (trade-off) karşılaştırın.;Bilgisayar teknolojisindeki ilerlemeler ne tamamen olumlu ne de olumsuzdur. Ancak, insanların bilişim teknolojilerini kullanma biçimlerinin ödünleşimleri vardır. Öğrenciler mahremiyet, iletişim ve otomasyon gibi geniş fikirlerle ilgili güncel olayları dikkate almalıdır. Örneğin sürücüsüz arabalar rahatlığı artırabilir ve kazaları azaltabilir, ancak aynı zamanda bilgisayar korsanlığına (hacking) karşı hassastırlar. Gelişmekte olan bu sektör taksi ve paylaşımlı araç sürücülerinin sayısını azaltacak ancak daha fazla yazılım mühendisliği ve siber güvenlik işi yaratacaktır.;Bilişimin Etkileri;Kültür;Bilişim Hakkında İletişim Kurmak;P7.2 – Hesaplamalı süreçleri ve çözümleri hedef kitleye uygun teknik terminolojiyle açıklama, gerekçelendirme ve dokümante etme;;
2-IC-21;2;6-8;Mevcut teknolojilerin tasarımındaki önyargı ve erişilebilirlik sorunlarını tartışın.;Öğrenciler çeşitli teknoloji araçlarının (örneğin uygulamalar, oyunlar ve cihazlar) kullanılabilirliğini öğretmen rehberliğinde test etmeli ve tartışmalıdır. Örneğin daha açık cilt tonları için daha iyi çalışan yüz tanıma yazılımı, muhtemelen homojen bir test grubuyla geliştirilmiştir ve daha çeşitli bir popülasyondan örneklem alınarak iyileştirilebilir. Erişilebilirliği tartışırken öğrenciler, bir kullanıcının yazı tipi boyutlarını ve renklerini değiştirmesine izin vermenin, bir arayüzü yalnızca az gören kişiler için kullanılabilir hale getirmekle kalmayıp aynı zamanda parlak gün ışığında veya karanlık bir odada olmak gibi çeşitli durumlardaki kullanıcılara da fayda sağladığını fark edebilirler.;Bilişimin Etkileri;Kültür;Kapsayıcı Bir Bilişim Kültürünü Teşvik Etmek;P1.2 – Farklı kullanıcı ihtiyaçlarını dikkate alarak erişilebilir ve kullanılabilir ürün tasarlama;;
2-IC-22;2;6-8;Bilişimsel bir eser oluştururken kitle kaynak (crowdsourcing) veya anketler gibi stratejiler aracılığıyla birçok katılımcıyla işbirliği yapın.;Kitle kaynak (crowdsourcing), geniş bir insan grubundan, özellikle çevrimiçi topluluktan hizmet, fikir veya içerik toplamaktır. Yerel düzeyde (örneğin sınıf veya okul) veya küresel düzeyde (örneğin Scratch ve Minecraft gibi yaşa uygun çevrimiçi topluluklar) yapılabilir. Örneğin bir grup öğrenci, dijital bir topluluk mozaiği oluşturmak için animasyonları birleştirebilir. Ayrıca çevrimiçi toplulukların ve elektronik anketlerin kullanımı yoluyla birçok kişiden geri bildirim isteyebilirler.;Bilişimin Etkileri;Sosyal Etkileşimler;Bilişim Etrafında İşbirliği Yapmak, Bilişimsel Eserler Yaratmak;P2.4 – Projede işbirliği için uygun teknolojik araçları değerlendirme ve seçme;P5.2 – Pratik amaç, kişisel ifade veya toplumsal sorun için dijital ürün oluşturma;
2-IC-23;2;6-8;Bilgilerin herkese açık olmasına izin vermek ile bilgileri özel ve güvende tutmak arasındaki ödünleşimleri (trade-off) açıklayın.;Bilgi paylaşımı çevrimiçi olarak insanlar arasındaki bağlantıları kurmaya, sürdürmeye ve güçlendirmeye yardımcı olabilir. Örneğin sanatçıların ve tasarımcıların yeteneklerini sergilemelerine ve geniş bir kitleye ulaşmalarına olanak tanır. Ancak güvenlik saldırıları genellikle çevrimiçi olarak halka açık olan kişisel bilgilerle başlar. Sosyal mühendislik, insanları hassas bilgileri ifşa etmeleri için kandırmaya dayanır ve kimlik avı (phishing) ve yanıltma (spoofing) gibi saldırılara karşı dikkatli olunarak engellenebilir.;Bilişimin Etkileri;Güvenlik Hukuk ve Etik;Bilişim Hakkında İletişim Kurmak;P7.2 – Hesaplamalı süreçleri ve çözümleri hedef kitleye uygun teknik terminolojiyle açıklama, gerekçelendirme ve dokümante etme;;
3A-CS-01;3A;9-10;Soyutlamaların, günlük nesnelere gömülü bilişim sistemlerinin altta yatan uygulama ayrıntılarını nasıl gizlediğini açıklayın.;Bilişim cihazları genellikle biyolojik, mekanik ve sosyal sistemler dahil olmak üzere diğer sistemlerle entegre edilmiştir. Bir kişinin sağlığını izlemek ve düzenlemek için içine tıbbi bir cihaz yerleştirilebilir, bir işitme cihazı (bir tür yardımcı cihaz) belirli frekansları filtreleyebilir ve diğerlerini büyütebilir, bir motorlu araca monte edilen bir izleme cihazı kişinin sürüş alışkanlıklarını ve kalıplarını takip edebilir ve bir kişiyi teşhis etmek için güvenlik sistemine bir yüz tanıma cihazı entegre edilebilir. Entegre veya gömülü sistemlerin oluşturulması bu seviyede bir beklenti değildir. Öğrenciler araba teybi gibi gömülü bir cihaz seçebilir, içerdiği veri türlerini (radyo istasyonu ön ayarları, ses seviyesi) ve prosedürleri (sesi artırma, kaydedilen istasyonu depolama/çağırma, sessize alma) belirleyebilir ve uygulama ayrıntılarının kullanıcıdan nasıl gizlendiğini açıklayabilir.;Bilişim Sistemleri;Cihazlar;Soyutlamalar Geliştirmek ve Kullanmak;P4.1 – İlişkili süreçlerden veya karmaşık olgulardan ortak özellikleri çıkarma;;
3A-CS-02;3A;9-10;Uygulama yazılımı, sistem yazılımı ve donanım katmanları arasındaki soyutlama düzeylerini ve etkileşimleri karşılaştırın.;En temel düzeyinde bir bilgisayar, fiziksel donanım ve elektriksel uyarılardan oluşur. Birden fazla yazılım katmanı, donanımın üzerine inşa edilir ve karmaşıklığı azaltmak için altındaki ve üstündeki katmanlarla etkileşime girer. Sistem yazılımı, yazılımın donanımla etkileşime girebilmesi için bir bilişim cihazının kaynaklarını yönetir. Örneğin metin düzenleme yazılımı klavyeden girdi almak, girdiyi depolama için bitlere dönüştürmek ve bitleri monitörde görüntülenecek okunabilir metin olarak yorumlamak için işletim sistemiyle etkileşime girer. Sistem yazılımı akıllı TV'ler, yardımcı cihazlar, sanal bileşenler, bulut bileşenleri ve dronlar gibi birçok farklı türde cihazda kullanılır. Örneğin öğrenciler voltajdan ikili (binary) sinyale, mantık kapılarına, toplayıcılara (adder) vb. ilerlemeyi keşfedebilirler. Bu seviyede BIOS, çekirdek (kernel) veya veri yolu (bus) gibi bilgisayar mimarisine yönelik belirli, gelişmiş terimlerin bilinmesi beklenmez.;Bilişim Sistemleri;Donanım ve Yazılım;Soyutlamalar Geliştirmek ve Kullanmak;P4.1 – İlişkili süreçlerden veya karmaşık olgulardan ortak özellikleri çıkarma;;
3A-CS-03;3A;9-10;Başkalarının hataları belirlemek ve düzeltmek için kullanabileceği sistematik sorun giderme stratejilerini aktaran yönergeler geliştirin.;"Karmaşık sorunların giderilmesi, potansiyel çözümleri araştırırken, değerlendirirken ve uygularken birden fazla kaynağın kullanımını içerir. Sorun giderme aynı zamanda deneyime dayanır; tıpkı insanların bir sorunun daha önce gördükleri bir soruna benzediğini fark etmesi veya geçmişte işe yarayan çözümleri uyarlaması gibi. Karmaşık sorun giderme stratejilerinin örnekleri arasında bağlantı sorunlarını çözme, sistem yapılandırmalarını ve ayarlarını düzenleme, donanım ve yazılım uyumluluğunu sağlama ve bir cihazdan diğerine veri aktarımı yer alır. Öğrenciler bir akış şeması, bir yardım masası çalışanı için bir iş yardımcısı veya bir uzman sistem oluşturabilirler.";Bilişim Sistemleri;Sorun Giderme;Bilişimsel Eserleri Test Etme ve İyileştirme;P6.2 – Hataları sistematik biçimde belirleme ve düzeltme;;
3A-NI-04;3A;9-10;Yönlendiriciler (router), anahtarlar (switch), sunucular, topoloji ve adresleme arasındaki ilişkiyi açıklayarak ağların ölçeklenebilirliğini ve güvenilirliğini değerlendirin.;Ağ üzerindeki her cihaza, onu benzersiz şekilde tanımlayan bir adres atanır. Yönlendiriciler, paketlerin varış noktalarına ulaşmak için izlemesi gereken yolları belirlemek üzere IP adreslerini karşılaştırarak çalışır. Anahtarlar, hangi bilgisayarların veya ağ bölümlerinin çerçeveleri (frame) alacağını belirlemek için MAC adreslerini karşılaştırarak çalışır. Öğrenciler, bu faktörleri denemek için çevrimiçi ağ simülatörlerini kullanabilirler.;Ağlar ve İnternet;Ağ İletişimi ve Organizasyon;Soyutlamalar Geliştirmek ve Kullanmak;P4.1 – İlişkili süreçlerden veya karmaşık olgulardan ortak özellikleri çıkarma;;
3A-NI-05;3A;9-10;Hassas verilerin kötü amaçlı yazılımlardan ve diğer saldırılardan nasıl etkilenebileceğini göstermek için örnekler verin.;Ağ güvenliği veri ve sistemlere erişimi kontrol eden donanım, yazılım ve uygulamaların bir kombinasyonuna bağlıdır. Kullanıcıların ihtiyaçları ve verilerin hassasiyeti, uygulanan güvenlik düzeyini belirler. Hizmet reddi (DoS) saldırıları, fidye yazılımı (ransomware), virüsler, solucanlar (worms), casus yazılımlar (spyware) ve kimlik avı (phishing) gibi potansiyel güvenlik sorunları hassas veriler için tehdit oluşturur. Öğrenciler, hükümetlerin veya kuruluşların bu tür saldırılar sonucunda veri sızıntısı veya veri kaybı yaşadığı vaka çalışmaları veya güncel olaylar üzerine düşünebilirler.;Ağlar ve İnternet;Ağ İletişimi ve Organizasyon;Bilişim Hakkında İletişim Kurmak;P7.2 – Hesaplamalı süreçleri ve çözümleri hedef kitleye uygun teknik terminolojiyle açıklama, gerekçelendirme ve dokümante etme;;
3A-NI-06;3A;9-10;Verimlilik, uygulanabilirlik ve etik etkiler gibi faktörlere dayanarak çeşitli senaryoları ele almak için güvenlik önlemleri önerin.;Güvenlik önlemleri arasında fiziksel güvenlik belirteçleri (token), iki faktörlü kimlik doğrulama ve biyometrik doğrulama yer alabilir. Hizmet reddi (DoS) saldırıları, fidye yazılımları, virüsler, solucanlar, casus yazılımlar ve kimlik avı gibi potansiyel güvenlik sorunları, hassas verilerin neden güvenli bir şekilde depolanması ve iletilmesi gerektiğine örnek teşkil eder. Yetkili kullanıcıların verilere ve bilgi hizmetlerine zamanında ve güvenilir erişimi (kullanılabilirlik olarak adlandırılır), yeterli bant genişliği, yedeklemeler ve diğer önlemlerle sağlanır. Öğrenciler, maliyet-fayda analizi yoluyla olduğu gibi, belirli sorunları veya alt sorunları çözmek için bilişimsel araçları kullanmanın uygulanabilirliğini sistematik olarak değerlendirmelidir. Sonuçta öğrenciler, verimliliğin fizibiliteyi nasıl etkilediği veya önerilen bir yaklaşımın etik kaygılar yaratıp yaratmadığı gibi faktörleri değerlendirmelerine dahil etmelidir.;Ağlar ve İnternet;Siber Güvenlik;Bilişimsel Problemleri Tanıma ve Tanımlama;P3.3 – Bir problemin bilgisayar/teknoloji ile çözülmesinin uygun ve uygulanabilir olup olmadığını değerlendirme;;
3A-NI-07;3A;9-10;Bir bilişim sisteminin kullanılabilirliği ve güvenliği arasındaki ödünleşimleri (trade-off) göz önünde bulundurarak çeşitli güvenlik önlemlerini karşılaştırın.;Güvenlik önlemleri arasında fiziksel güvenlik belirteçleri, iki faktörlü kimlik doğrulama ve biyometrik doğrulama yer alabilir ancak güvenlik önlemlerinin seçilmesi, sistemin kullanılabilirliği ile güvenliği arasında ödünleşimler içerir. Kullanıcıların ihtiyaçları ve verilerin hassasiyeti, uygulanan güvenlik seviyesini belirler. Öğrenciler, birçok eğitim sitesine erişimi engelleyen ancak kampüs ağını güvende tutan bir web filtresi gibi kullanılabilirlik ile güvenlik arasında ödünleşimi ortaya koyan yerel düzeydeki bilgisayar güvenlik politikalarını tartışabilirler.;Ağlar ve İnternet;Ağ İletişimi ve Organizasyon;Bilişimsel Eserleri Test Etme ve İyileştirme;P6.3 – Performans, güvenilirlik, kullanılabilirlik ve erişilebilirliği artırmak için ürünü iyileştirme;;
3A-NI-08;3A;9-10;Siber güvenlik önerilerini seçerken ve uygularken yapılan ödünleşimleri (trade-off) açıklayın.;Ağ güvenliği veri ve sistemlere erişimi kontrol eden donanım, yazılım ve uygulamaların bir kombinasyonuna bağlıdır. Kullanıcıların ihtiyaçları ve verilerin hassasiyeti, uygulanan güvenlik düzeyini belirler. Her güvenlik önlemi, sistemin erişilebilirliği ile güvenliği arasında ödünleşimler içerir. Öğrenciler, hedef kitleye ve amaca uygun terminolojiyi kullanarak yaptıkları seçimleri açıklayabilmeli, gerekçelendirebilmeli ve belgeleyebilmelidir. Öğrenciler bireyler, şirketler, gizlilik savunucuları, güvenlik uzmanları ve hükümet dahil olmak üzere farklı izleyicilerin bakış açısından sorunları tartışabilirler.;Ağlar ve İnternet;Siber Güvenlik;Bilişim Hakkında İletişim Kurmak;P7.2 – Hesaplamalı süreçleri ve çözümleri hedef kitleye uygun teknik terminolojiyle açıklama, gerekçelendirme ve dokümante etme;;
3A-DA-09;3A;9-10;Karakterler, sayılar ve resimler gibi gerçek dünya olaylarının farklı bit temsilleri arasında çeviri yapın.;Örneğin onaltılık (hexadecimal) renk kodlarını ondalık yüzdelere, ASCII/Unicode gösterimine ve mantık kapılarına (logic gates) dönüştürün.;Veri ve Analiz;Depolama;Soyutlamalar Geliştirmek ve Kullanmak;P4.1 – İlişkili süreçlerden veya karmaşık olgulardan ortak özellikleri çıkarma;;
3A-DA-10;3A;9-10;Veri öğelerinin nasıl düzenlendiği ve verilerin nerede depolandığı konusundaki ödünleşimleri (trade-off) değerlendirin.;İnsanlar veri öğelerinin nasıl düzenlendiği ve verilerin nerede saklandığı hakkında seçimler yaparlar. Bu seçimler maliyet, hız, güvenilirlik, erişilebilirlik, gizlilik ve bütünlüğü etkiler. Öğrenciler seçilen bir çözümün belirli bir sorun için en uygun çözüm olup olmadığını değerlendirmelidir. Öğrenciler fotoğraf verilerini bulutta saklamakla mobil cihazda saklamak arasındaki maliyet, hız, güvenilirlik, erişilebilirlik, gizlilik ve bütünlük ödünleşimlerini değerlendirebilirler.;Veri ve Analiz;Depolama;Bilişimsel Problemleri Tanıma ve Tanımlama;P3.3 – Bir problemin bilgisayar/teknoloji ile çözülmesinin uygun ve uygulanabilir olup olmadığını değerlendirme;;
3A-DA-11;3A;9-10;Başkalarının gerçek dünya fenomenlerini daha iyi anlamasına yardımcı olmak için yazılım araçlarını kullanarak etkileşimli veri görselleştirmeleri oluşturun.;İnsanlar, diğer insanların temel bilgileri yorumlama ve anlama biçimini etkilemek için büyük veri kümelerini farklı şekillerde dönüştürür, genelleştirir, basitleştirir ve sunar. Örnekler arasında görselleştirme, toplulaştırma, yeniden düzenleme ve matematiksel işlemlerin uygulanması yer alır. İnsanlar güçlü, etkileşimli veri görselleştirmeleri oluşturmak ve verileri dönüştürüp analiz etmek için bir dizi matematiksel işlem gerçekleştirmek amacıyla yazılım araçlarını veya programlamayı kullanırlar. Öğrenciler fenomenleri, sistem içindeki etkileşimleri yöneten kurallarla birlikte sistemler olarak modellemeli ve bu modelleri gerçek dünya gözlemlerine karşı değerlendirmelidir. Örneğin, sürü oluşturma davranışları (flocking), kuyruk oluşturma (queueing) veya yaşam döngüleri. Google Fusion Tables, çevrimiçi veri görselleştirmesine erişim sağlayabilir.;Veri ve Analiz;Toplama Görselleştirme ve Dönüştürme;Soyutlamalar Geliştirmek ve Kullanmak;P4.4 – Olguları, süreçleri ve sistemleri modelleyerek olası sonuçları anlama ve değerlendirme;;
3A-DA-12;3A;9-10;Bir fenomenden veya süreçten toplanan farklı veri öğeleri arasındaki ilişkileri temsil eden bilişimsel modeller oluşturun.;Bilişimsel modeller, seçilen verilere ve özelliklere dayanarak süreçler veya fenomenler hakkında tahminlerde bulunur. Seçilen verilerin ve özelliklerin miktarı, kalitesi ve çeşitliliği, bir modelin kalitesini ve bir sistemi anlama yeteneğini etkileyebilir. Modelleri doğrulamak için tahminler veya çıkarımlar test edilir. Öğrenciler, sistem içindeki etkileşimleri yöneten kurallarla birlikte olayları sistemler olarak modellemelidir. Öğrenciler bu modelleri gerçek dünya gözlemlerine karşı analiz etmeli ve değerlendirmelidir. Örneğin öğrenciler bir programlama aracı kullanarak basit bir üretici-tüketici ekosistem modeli oluşturabilirler. Zamanla, avlanma, rekabet veya simbiyoz (ortak yaşam) gibi türler arasında daha karmaşık ve gerçekçi etkileşimler oluşturmaya ilerleyebilir ve doğadan toplanan verilere dayanarak modeli değerlendirebilirler.;Veri ve Analiz;Çıkarım ve Modeller;Soyutlamalar Geliştirmek ve Kullanmak;P4.4 – Olguları, süreçleri ve sistemleri modelleyerek olası sonuçları anlama ve değerlendirme;;
3A-AP-13;3A;9-10;Öğrencinin önceki bilgilerinden ve kişisel ilgi alanlarından yararlanarak bilişimsel sorunları çözmek için algoritmalar kullanan prototipler oluşturun.;Bir prototip, bir ürünün veya sürecin temel işlevselliğini gösteren bilişimsel bir eserdir. Prototipler, tasarım sürecinde erken geri bildirim almak için faydalıdır ve bir ürünün fizibilitesi hakkında fikir verebilir. Bilişimsel eserler geliştirme süreci, prototipler oluşturmak ve bilişimsel sorunları çözmek için hem yaratıcı ifadeyi hem de fikirlerin keşfedilmesini kapsar. Öğrenciler kişisel olarak ilgili veya topluluklarına ve ötesine faydalı olan eserler yaratırlar. Öğrenciler, bir algoritmaya yanıt olarak, bir algoritmanın performansını, yeniden kullanılabilirliğini ve uygulama kolaylığını gösteren eserler geliştirmelidir.;Algoritmalar ve Programlama;Algoritmalar;Bilişimsel Eserler Yaratmak;P5.2 – Pratik amaç, kişisel ifade veya toplumsal sorun için dijital ürün oluşturma;;
3A-AP-14;3A;9-10;Basit değişkenleri tekrar tekrar kullanmak yerine bilişimsel sorunları genelleştirerek çözümleri basitleştirmek için listeleri kullanın.;Öğrenciler, kodun birden fazla bölümündeki ortak özellikleri belirleyebilmeli ve farklılıkları hesaba katmak için listeler (diziler) kullanan tek bir kod bölümünü yerine koyabilmelidir.;Algoritmalar ve Programlama;Değişkenler;Soyutlamalar Geliştirmek ve Kullanmak;P4.1 – İlişkili süreçlerden veya karmaşık olgulardan ortak özellikleri çıkarma;;
3A-AP-15;3A;9-10;Ödünleşimler (trade-off) uygulama, okunabilirlik ve program performansı içerdiğinde belirli kontrol yapılarının seçimini gerekçelendirin ve yapılan seçimlerin faydalarını ve dezavantajlarını açıklayın.;"Uygulama, bir programı oluşturmak için gereken süreyi ve çabayı etkileyen programlama dilinin seçimini içerir. Okunabilirlik, programın diğer programcılar için ne kadar açık olduğu anlamına gelir ve dokümantasyon yoluyla iyileştirilebilir. Performans tartışması, yürütme süresi ve depolama gereksinimlerinin teorik bir anlayışıyla sınırlıdır; niceliksel bir analiz beklenmemektedir. Bu seviyedeki kontrol yapıları koşullu ifadeler, döngüler, olay işleyiciler ve özyinelemeyi (recursion) içerebilir. Örneğin öğrenciler, Fibonacci dizisini hesaplayan prosedürlerin yinelemeli ve özyinelemeli uygulamalarının okunabilirliğini ve program performansını karşılaştırabilirler.";Algoritmalar ve Programlama;Kontrol;Bilişimsel Problemleri Tanıma ve Tanımlama;P5.2 – Pratik amaç, kişisel ifade veya toplumsal sorun için dijital ürün oluşturma;;
3A-AP-16;3A;9-10;Talimatları başlatmak için olayları (events) kullanarak pratik amaç, kişisel ifade veya toplumsal bir sorunu ele almak için bilişimsel eserler tasarlayın ve yinelemeli olarak geliştirin.;Bu bağlamda ilgili bilişimsel eserler arasında programlar, mobil uygulamalar veya web uygulamaları yer alır. Olaylar, bir düğmeye basmak gibi kullanıcı tarafından başlatılabilir veya bir zamanlayıcının tetiklenmesi gibi sistem tarafından başlatılabilir. Önceki seviyelerde öğrenciler prosedürler oluşturmayı ve çağırmayı öğrendiler. Burada öğrenciler olaylar tarafından çağrılan prosedürler tasarlarlar. Öğrenciler, cihazın konumu değiştiğini algıladığında yakındaki ilgi çekici yerlerin bir listesini güncelleyen bir mobil uygulama oluşturabilirler.;Algoritmalar ve Programlama;Kontrol;Bilişimsel Eserler Yaratmak;P5.2 – Pratik amaç, kişisel ifade veya toplumsal sorun için dijital ürün oluşturma;;
3A-AP-17;3A;9-10;Prosedürler, modüller ve/veya nesneler gibi yapıları kullanarak sistematik analiz yoluyla sorunları daha küçük bileşenlere ayırın.;Bu düzeyde öğrenciler karmaşık sorunları, halihazırda var olan programlar veya prosedürlerle potansiyel olarak çözülebilecek yönetilebilir alt sorunlara ayırmalıdır. Örneğin, öğrenciler bir uygulama programlama arayüzü (API) aracılığıyla çevrimiçi bir veritabanına bağlanarak bir topluluk sorununu çözecek bir uygulama oluşturabilirler.;Algoritmalar ve Programlama;Modülerlik;Bilişimsel Problemleri Tanıma ve Tanımlama;P3.2 – Karmaşık problemleri yönetilebilir alt problemlere ayırma;;
3A-AP-18;3A;9-10;Bir program içinde prosedürler, veri ve prosedürlerin kombinasyonları veya bağımsız ancak birbiriyle ilişkili programlar kullanarak eserler yaratın.;Bilişimsel eserler mevcut eserler birleştirilerek ve değiştirilerek veya yeni eserler geliştirilerek yaratılabilir. Bilişimsel eserlerin örnekleri arasında programlar, simülasyonlar, görselleştirmeler, dijital animasyonlar, robotik sistemler ve uygulamalar yer alır. Karmaşık programlar, ortak bir genel amaç için koordine edilen ve her birinin belirli bir rolü olan etkileşimli modül sistemleri olarak tasarlanır. Modüller, karmaşık görevlerin daha iyi yönetilmesine olanak tanır. Bu seviyedeki odak noktası, bir programı modüller arasındaki ilişkileri olan bir sistem olarak anlamaktır. Programlama dili veya paradigması gibi uygulama seçimi değişebilir. Öğrenciler, bir robotun yeteneklerini artırmak için bilgisayarla görme (computer vision) kütüphanelerini dahil edebilir veya bir web uygulamasının işlevselliğini genişletmek için açık kaynaklı JavaScript kütüphanelerinden yararlanabilirler.;Algoritmalar ve Programlama;Modülerlik;Bilişimsel Eserler Yaratmak;P5.2 – Pratik amaç, kişisel ifade veya toplumsal sorun için dijital ürün oluşturma;;
3A-AP-19;3A;9-10;Kullanıcılardan gelen geri bildirimleri dahil ederek geniş kitleler için sistemli bir şekilde programlar tasarlayın ve geliştirin.;Program örnekleri oyunlar, araçlar (utilities) ve mobil uygulamaları içerebilir. Daha düşük seviyedeki öğrenciler geri bildirim toplar ve programları revize ederler. Bu seviyede öğrenciler, bunu geniş kitlelerden gelen geri bildirimleri içeren sistematik bir süreçle yapmalıdır. Öğrenciler, geniş bir kitleden geri bildirim sağlayabilecek bir kullanıcı memnuniyeti anketi oluşturabilir ve dağıtım yöntemleri üzerine beyin fırtınası yapabilir, seçilen geri bildirimleri ürün revizyonlarına dahil etmek için izledikleri süreci belgeleyebilirler.;Algoritmalar ve Programlama;Modülerlik;Bilişimsel Eserler Yaratmak;P5.1 – Dijital ürün geliştirmeyi yinelemeli bir süreçle planlama;;
3A-AP-20;3A;9-10;Kütüphaneler gibi kaynakları kullanırken bilişimsel eserlerin kullanımını sınırlayan veya kısıtlayan lisansları değerlendirin.;Yazılım lisanslarına örnek olarak telif hakkı, ücretsiz yazılım (freeware) ve birçok açık kaynak lisanslama şeması verilebilir. Önceki seviyelerde öğrenciler lisanslama şemalarına uymuştur. Bu seviyede, özellikle kütüphaneleri ve diğer kaynakları dahil ederken, kendi çalışmaları için lisanslama sonuçlarını dikkate almalıdırlar. Öğrenciler, benzer bir ihtiyaca hitap eden iki yazılım kütüphanesini düşünebilir ve en az kısıtlayıcı lisansa sahip kütüphaneye göre seçimlerini gerekçelendirebilirler.;Algoritmalar ve Programlama;Program Geliştirme;Bilişim Hakkında İletişim Kurmak;P7.3 – Fikri mülkiyet haklarına uyarak ve uygun kaynak göstererek fikirleri sorumlu biçimde ifade etme;;
3A-AP-21;3A;9-10;Daha kullanışlı ve erişilebilir olmalarını sağlamak için bilişimsel eserleri değerlendirin ve geliştirin.;Test etme ve iyileştirme, bilişimsel bir eseri geliştirmenin kasıtlı ve yinelemeli sürecidir. Bu süreç, hata ayıklamayı (hataları belirleme ve düzeltme) ve gerçek sonuçları beklenen sonuçlarla karşılaştırmayı içerir. Öğrenciler, son kullanıcıların değişen ihtiyaç ve beklentilerine yanıt vermeli ve eserlerin performansını, güvenilirliğini, kullanılabilirliğini ve erişilebilirliğini iyileştirmelidir. Örneğin öğrenciler bir kullanıcı arayüzündeki menülerin ve düğmelerin boyutunu ve yerleşimini yönlendirmeye yardımcı olmak için çeşitli son kullanıcılardan gelen geri bildirimleri dahil edebilirler.;Algoritmalar ve Programlama;Program Geliştirme;Bilişimsel Eserleri Test Etme ve İyileştirme;P6.3 – Performans, güvenilirlik, kullanılabilirlik ve erişilebilirliği artırmak için ürünü iyileştirme;;
3A-AP-22;3A;9-10;Ortak çalışma araçlarını kullanarak ekip rollerinde çalışarak bilişimsel eserler tasarlayın ve geliştirin.;"Ortak çalışma araçları, kaynak kodu sürüm kontrol sistemi kadar karmaşık veya ortak çalışan bir kelime işlemci kadar basit olabilir. Çift programlamadaki (pair programming) ekip rolleri sürücü ve yönlendiricidir (navigator), ancak daha büyük ekiplerde daha uzmanlaşmış olabilir. Programlar daha karmaşık hale geldikçe, program geliştirmeye yardımcı olan kaynakların seçimi giderek daha önemli hale gelir ve öğrenciler tarafından yapılmalıdır. Öğrenciler okul veya toplulukla ilgili bir sorunu ele alan bir mobil uygulama geliştirmek için ekip olarak çalışabilir, proje zaman çizelgesini oluşturmak ve yönetmek için uygun araçları seçebilir; grafik kullanıcı arayüzü öğelerini tasarlayabilir, paylaşabilir ve revize edebilir; planlanan, devam eden ve tamamlanan bileşenleri takip edebilirler.";Algoritmalar ve Programlama;Program Geliştirme;Bilişim Etrafında İşbirliği Yapmak;P2.4 – Projede işbirliği için uygun teknolojik araçları değerlendirme ve seçme;;
3A-AP-23;3A;9-10;Karmaşık programların geliştirilmesinde metin, grafik, sunum ve/veya gösterimler kullanarak tasarım kararlarını belgeleyin.;"Karmaşık programlar, ortak bir genel amaç için koordine edilen, her birinin belirli bir rolü olan etkileşimli modüller sistemleri olarak tasarlanır. Bu modüller bir program içindeki prosedürler; veriler ve prosedürlerin kombinasyonları veya bağımsız ancak birbiriyle ilişkili programlar olabilir. Karmaşık programların geliştirilmesi, programın parçalarını düzenlemek ve yönetmek için kütüphaneler ve araçlar gibi kaynaklarla desteklenir.";Algoritmalar ve Programlama;Program Geliştirme;Bilişim Hakkında İletişim Kurmak;P7.2 – Hesaplamalı süreçleri ve çözümleri hedef kitleye uygun teknik terminolojiyle açıklama, gerekçelendirme ve dokümante etme;;
3A-IC-24;3A;9-10;Bilişimin kişisel, etik, sosyal, ekonomik ve kültürel uygulamaları nasıl etkilediğini değerlendirin.;Bilişim uygulamaları geliştirebilir, onlara zarar verebilir veya onları sürdürebilir. Bilişime asgari düzeyde maruz kalma, eğitime erişim ve eğitim fırsatları gibi eşitlik eksiklikleri, toplumdaki daha büyük, sistemik sorunlarla ilişkilidir. Öğrenciler, geniş banda (broadband) erişimi olmayan veya çeşitli engelleri olan kişiler gibi geniş bir son kullanıcı grubu için bir ürünün erişilebilirliğini değerlendirebilmelidir. Öğrenciler ayrıca ürün tasarımında erişilebilirliği en üst düzeye çıkarmak için tasarım süreci sırasındaki potansiyel önyargıları belirlemeye başlamalıdır.;Bilişimin Etkileri;Kültür;Kapsayıcı Bir Bilişim Kültürünü Teşvik Etmek;P1.2 – Farklı kullanıcı ihtiyaçlarını dikkate alarak erişilebilir ve kullanılabilir ürün tasarlama;;
3A-IC-25;3A;9-10;Önyargıyı ve eşitlik eksikliklerini azaltmak için bilişimsel eserleri test edin ve geliştirin.;Önyargılar, geliştiricilerin kullanıcı tabanları hakkında yaptıkları yanlış varsayımları içerebilir. Eşitlik eksiklikleri arasında bilişime asgari düzeyde maruz kalma, eğitime erişim ve eğitim fırsatları yer alır. Öğrenciler, ürün tasarımında erişilebilirliği en üst düzeye çıkarmak için tasarım sürecindeki potansiyel önyargıları belirlemeye başlamalı ve bilişimsel eserlerin erişilebilirliğini değerlendirmek için profesyonel olarak kabul edilen erişilebilirlik standartlarının farkında olmalıdır.;Bilişimin Etkileri;Kültür;Kapsayıcı Bir Bilişim Kültürünü Teşvik Etmek;P1.2 – Farklı kullanıcı ihtiyaçlarını dikkate alarak erişilebilir ve kullanılabilir ürün tasarlama;;
3A-IC-26;3A;9-10;Belirli bir algoritmanın disiplinler arası sorunlara nasıl uygulandığını gösterin.;Bilişim, insan niyetini algoritmik olarak bir esere dönüştürerek sanat ve müzik gibi disiplinlerle özellikleri paylaşabilir. Öğrenciler, yeni kask teknolojisi ile bisiklet güvenliğini artırmak gibi birden fazla disiplini kapsayan ve bilişimsel olarak çözülebilecek gerçek dünya sorunlarını belirleyebilmelidir.;Bilişimin Etkileri;Kültür;Bilişimsel Problemleri Tanıma ve Tanımlama;P3.1 – Hesaplamalı olarak çözülebilecek karmaşık ve gerçek dünya problemlerini belirleme;;
3A-IC-27;3A;9-10;Farklı kültürlerdeki ve kariyer alanlarındaki insanların bağlantısını artırmak için bir projede işbirliği amaçlı araçlar ve yöntemler kullanın.;Toplumun birçok yönü, özellikle de kariyerler, bilişimin sağladığı iletişim derecesinden etkilenmiştir. Farklı kültürlerdeki ve farklı kariyer alanlarındaki insanlar arasındaki artan bağlantı, birçok kariyerin doğasını ve içeriğini değiştirmiştir. Öğrenciler, ekip üyelerinden, sınıf arkadaşlarından ve çevrimiçi forumlara veya yerel topluluklara katılım gibi diğerlerinden girdi istemek için kullanılan farklı işbirlikçi araçları ve yöntemleri keşfetmelidir. Örneğin öğrenciler, farklı sosyal medya araçlarının bir ekibin daha uyumlu hale gelmesine nasıl yardımcı olabileceğini karşılaştırabilirler.;Bilişimin Etkileri;Sosyal Etkileşimler;Bilişim Etrafında İşbirliği Yapmak;P2.4 – Projede işbirliği için uygun teknolojik araçları değerlendirme ve seçme;;
3A-IC-28;3A;9-10;Fikri mülkiyet yasalarının inovasyon üzerindeki faydalı ve zararlı etkilerini açıklayın.;Yasalar mahremiyet, veri, mülkiyet, bilgi ve kimlik gibi bilişimin birçok yönünü düzenler. Bu yasaların, bilişimdeki ilerlemeleri hızlandırmak veya geciktirmek ve insanların haklarını korumak veya ihlal etmek gibi faydalı ve zararlı etkileri olabilir. Yasalardaki ve etikteki uluslararası farklılıkların bilişim üzerinde etkileri vardır. Örneğin, bazı dosya paylaşım web sitelerinin engellenmesini zorunlu kılan yasalar çevrimiçi korsanlığı azaltabilir, ancak bilgiye erişim hakkını kısıtlayabilir. Güvenlik duvarları, zararlı virüsleri ve kötü amaçlı yazılımları engellemek için kullanılabilir, ancak medya sansürü için de kullanılabilir. Öğrenciler fikri mülkiyet yasalarının farkında olmalı ve bunların yenilikçilerin çıkarlarını korumak için nasıl kullanıldığını ve patent trollerinin (patent trolls) finansal kazanç için yasaları nasıl kötüye kullandığını açıklayabilmelidir.;Bilişimin Etkileri;Güvenlik Hukuk ve Etik;Bilişim Hakkında İletişim Kurmak;P7.3 – Fikri mülkiyet haklarına uyarak ve uygun kaynak göstererek fikirleri sorumlu biçimde ifade etme;;
3A-IC-29;3A;9-10;Kullanıcılar için belirgin olmayabilecek otomatikleştirilmiş süreçler aracılığıyla veri toplanması ve üretilmesi ile ilgili gizlilik endişelerini açıklayın.;İnsanlar veri toplama cihazlarıyla aktif olarak ilgilenmeseler veya fiziksel olarak onlara yakın olmasalar bile, veriler milyonlarca insandan toplanabilir ve bir araya getirilebilir. Bu otomatik ve belirgin olmayan veri toplama süreci, kullanıcı çevrimiçi olmadığında bile bir hesabı tarayan (mining) sosyal medya siteleri gibi gizlilik endişeleri yaratabilir. Diğer örnekler arasında, güvenlik amacıyla müşterileri izlemek veya satın alma alışkanlıkları hakkında bilgi edinmek için bir mağazada kullanılan gözetleme videoları veya sürücülerin haberi olmadan yol verimliliğini artırmak için sinyalleri gerçek zamanlı olarak değiştirmek amacıyla karayolu trafiğinin izlenmesi yer alır. Veri toplama yöntemleri ve cihazları, gereken depolama miktarına, toplanan ayrıntı düzeyine ve örnekleme oranlarına (sampling rates) göre farklılık gösterebilir.;Bilişimin Etkileri;Güvenlik Hukuk ve Etik;Bilişim Hakkında İletişim Kurmak;P7.2 – Hesaplamalı süreçleri ve çözümleri hedef kitleye uygun teknik terminolojiyle açıklama, gerekçelendirme ve dokümante etme;;
3A-IC-30;3A;9-10;Güvenlik, hukuk veya etik bağlamında gizliliğin sosyal ve ekonomik sonuçlarını değerlendirin.;Yasalar mahremiyet, veri, mülkiyet, bilgi ve kimlik gibi bilişimin birçok yönünü düzenler. Yasalar ve etikteki uluslararası farklılıkların bilişim için etkileri vardır. Öğrenciler, bir bireyin gizlilik hakkı ile bir topluluğun emniyeti, güvenliği veya refahı çeliştiğinde etik bir ikilem sunan vaka çalışmalarını veya güncel olayları inceleyebilirler.;Bilişimin Etkileri;Güvenlik Hukuk ve Etik;Bilişim Hakkında İletişim Kurmak;P7.3 – Fikri mülkiyet haklarına uyarak ve uygun kaynak göstererek fikirleri sorumlu biçimde ifade etme;;
3B-CS-01;3B;11-12;İşletim sistemi yazılımının rollerini sınıflandırın.;Rollerin örnekleri arasında bellek yönetimi, veri depolama/alma, süreç yönetimi ve erişim kontrolü sayılabilir.;Bilişim Sistemleri;Donanım ve Yazılım;Bilişim Hakkında İletişim Kurmak;P7.2 – Hesaplamalı süreçleri ve çözümleri hedef kitleye uygun teknik terminolojiyle açıklama, gerekçelendirme ve dokümante etme;;
3B-CS-02;3B;11-12;Bilişim sistemlerinin donanım bileşenleri aracılığıyla mantık, giriş ve çıkışı nasıl uyguladığını örneklerle açıklayın.;Bileşen örnekleri mantık kapılarını (logic gates) ve IO pinlerini içerebilir.;Bilişim Sistemleri;Sorun Giderme;Bilişim Hakkında İletişim Kurmak;P7.2 – Hesaplamalı süreçleri ve çözümleri hedef kitleye uygun teknik terminolojiyle açıklama, gerekçelendirme ve dokümante etme;;
3B-NI-03;3B;11-12;Ağ işlevselliğini etkileyen sorunları (ör. bant genişliği, yük, gecikme, topoloji) açıklayın.;Bu sorunların ağ işlevselliğini nasıl etkilediğini keşfetmek için ücretsiz çevrimiçi ağ simülatörlerinin kullanılması önerilir.;Ağlar ve İnternet;Ağ İletişimi ve Organizasyon;Bilişim Hakkında İletişim Kurmak;P7.2 – Hesaplamalı süreçleri ve çözümleri hedef kitleye uygun teknik terminolojiyle açıklama, gerekçelendirme ve dokümante etme;;
3B-NI-04;3B;11-12;Yazılım geliştiricilerin cihazları ve bilgileri yetkisiz erişimden nasıl koruduklarını karşılaştırın.;Göz önünde bulundurulması gereken güvenlik endişelerine örnekler: şifreleme ve kimlik doğrulama stratejileri, güvenli kodlama ve anahtarların korunması.;Ağlar ve İnternet;Siber Güvenlik;Bilişim Hakkında İletişim Kurmak;P7.2 – Hesaplamalı süreçleri ve çözümleri hedef kitleye uygun teknik terminolojiyle açıklama, gerekçelendirme ve dokümante etme;;
3B-DA-05;3B;11-12;Karmaşık sistemleri temsil eden verilerdeki kalıpları belirlemek için veri analizi araçlarını ve tekniklerini kullanın.;Örneğin sosyal medya etkileşimlerini, film incelemelerini veya alışveriş modellerini temsil eden bir veri kümesindeki eğilimleri belirleyin.;Veri ve Analiz;Toplama Görselleştirme ve Dönüştürme;Soyutlamalar Geliştirmek ve Kullanmak;P4.1 – İlişkili süreçlerden veya karmaşık olgulardan ortak özellikleri çıkarma;;
3B-DA-06;3B;11-12;Bir iddiayı destekleyen veya bilgiyi ileten veri kümeleri oluşturmak için veri toplama araçlarını ve tekniklerini seçin.,;Veri ve Analiz;Toplama Görselleştirme ve Dönüştürme;Bilişim Hakkında İletişim Kurmak;Bilişim Hakkında İletişim Kurma;P7.2 – Hesaplamalı süreçleri ve çözümleri hedef kitleye uygun teknik terminolojiyle açıklama, gerekçelendirme ve dokümante etme;;
3B-DA-07;3B;11-12;Modellerin ve simülasyonların hipotezleri test etme ve geliştirilmesini destekleme yeteneğini değerlendirin.,;Veri ve Analiz;Çıkarım ve Modeller;Soyutlamalar Geliştirmek ve Kullanmak;Soyutlama Geliştirme ve Kullanma;P4.4 – Olguları, süreçleri ve sistemleri modelleyerek olası sonuçları anlama ve değerlendirme;;
3B-AP-08;3B;11-12;Yapay zekanın birçok yazılımı ve fiziksel sistemi nasıl yönlendirdiğini açıklayın.;Örnekler arasında dijital reklam teslimi, sürücüsüz arabalar ve kredi kartı sahtekarlığı tespiti yer alır.;Algoritmalar ve Programlama;Algoritmalar;Bilişim Hakkında İletişim Kurmak;P7.2 – Hesaplamalı süreçleri ve çözümleri hedef kitleye uygun teknik terminolojiyle açıklama, gerekçelendirme ve dokümante etme;;
3B-AP-09;3B;11-12;İnsan bir rakibe karşı oyun oynamak veya bir sorunu çözmek için bir yapay zeka algoritması uygulayın.;Oyunların karmaşık olması gerekmez. Basit tahmin oyunları, Tic-Tac-Toe veya basit robot komutları yeterli olacaktır.;Algoritmalar ve Programlama;Algoritmalar;Bilişimsel Eserler Yaratmak;P5.3 – Mevcut bir dijital ürünü iyileştirme veya özelleştirme;;
3B-AP-10;3B;11-12;Bilişimsel sorunları çözmek için klasik algoritmaları kullanın ve uyarlayın.;Örnekler arasında sıralama ve arama (sorting and searching) yer alabilir.;Algoritmalar ve Programlama;Algoritmalar;Soyutlamalar Geliştirmek ve Kullanmak;P4.2 – Mevcut teknolojik işlevleri değerlendirip yeni tasarımlara dahil etme;;
3B-AP-11;3B;11-12;Algoritmaları verimlilik, doğruluk ve açıklık açısından değerlendirin.;Örnekler arasında sıralama ve arama yer alabilir.;Algoritmalar ve Programlama;Algoritmalar;Soyutlamalar Geliştirmek ve Kullanmak;P4.2 – Mevcut teknolojik işlevleri değerlendirip yeni tasarımlara dahil etme;;
3B-AP-12;3B;11-12;Temel veri yapılarını ve kullanımlarını karşılaştırın.;Örnekler arasında stringler (metin dizileri), listeler, diziler (arrays), yığınlar (stacks) ve kuyruklar (queues) yer alabilir.;Algoritmalar ve Programlama;Değişkenler;Soyutlamalar Geliştirmek ve Kullanmak;P4.2 – Mevcut teknolojik işlevleri değerlendirip yeni tasarımlara dahil etme;;
3B-AP-13;3B;11-12;Özyinelemeli (recursive) bir algoritmanın yürütme akışını açıklayın.,;Algoritmalar ve Programlama;Kontrol;Bilişimsel Problemleri Tanıma ve Tanımlama;Hesaplamalı Problemleri Tanıma ve Tanımlama;P3.2 – Karmaşık problemleri yönetilebilir alt problemlere ayırma;;
3B-AP-14;3B;11-12;Prosedürler, modüller ve/veya nesneler gibi öğrenci tarafından oluşturulan bileşenleri kullanarak sorunlara çözümler üretin.;Nesne yönelimli programlama (OOP) bu seviyede isteğe bağlıdır. Sorunlar atanabilir veya öğrenci tarafından seçilebilir.;Algoritmalar ve Programlama;Modülerlik;Bilişimsel Eserler Yaratmak;P5.2 – Pratik amaç, kişisel ifade veya toplumsal sorun için dijital ürün oluşturma;;
3B-AP-15;3B;11-12;Büyük ölçekli bilişimsel bir sorunu analiz edin ve bir çözüme uygulanabilecek genellenebilir kalıpları belirleyin.;Öğrenciler birden fazla disiplini veya sosyal sistemi kapsayan karmaşık, gerçek dünya sorunlarıyla karşılaştıklarında, karmaşık sorunları, zaten var olan programlar veya prosedürlerle potansiyel olarak çözülebilecek yönetilebilir alt sorunlara ayırmalıdır. Örneğin öğrenciler, bir uygulama programlama arayüzü (API) aracılığıyla çevrimiçi bir veri tabanına bağlanarak bir topluluk sorununu çözecek bir uygulama oluşturabilirler.;Algoritmalar ve Programlama;Modülerlik;Soyutlamalar Geliştirmek ve Kullanmak;P4.1 – İlişkili süreçlerden veya karmaşık olgulardan ortak özellikleri çıkarma;;
3B-AP-16;3B;11-12;Kütüphaneleri ve API'leri kullanarak programlama çözümleri oluşturup kodun yeniden kullanımını gösterin.;Kütüphaneler ve API'ler öğrenci tarafından oluşturulabilir veya örneğin ortak grafik kütüphaneleri veya harita API'leri olabilir.;Algoritmalar ve Programlama;Modülerlik;Bilişimsel Eserler Yaratmak;P5.3 – Mevcut bir dijital ürünü iyileştirme veya özelleştirme;;
3B-AP-17;3B;11-12;Bir yazılım yaşam döngüsü süreci kullanarak geniş kitleler için programlar planlayın ve geliştirin.;Süreçler çevik (agile), sarmal (spiral) veya şelale (waterfall) modellerini içerebilir.;Algoritmalar ve Programlama;Program Geliştirme;Bilişimsel Eserler Yaratmak;P5.1 – Dijital ürün geliştirmeyi yinelemeli bir süreçle planlama;;
3B-AP-18;3B;11-12;Bilgisayar programlarının ele geçirilmesine yol açabilecek güvenlik sorunlarını açıklayın.;Örneğin yaygın sorunlar arasında sınır kontrolünün (bounds checking) olmaması, zayıf girdi doğrulaması ve döngüsel referanslar yer alır.;Algoritmalar ve Programlama;Program Geliştirme;Bilişim Hakkında İletişim Kurmak;P7.2 – Hesaplamalı süreçleri ve çözümleri hedef kitleye uygun teknik terminolojiyle açıklama, gerekçelendirme ve dokümante etme;;
3B-AP-19;3B;11-12;Birden fazla bilişim platformu için programlar geliştirin.;Örnek platformlar şunları içerebilir: masaüstü bilgisayar, web veya mobil.;Algoritmalar ve Programlama;Program Geliştirme;Bilişimsel Eserler Yaratmak;P5.2 – Pratik amaç, kişisel ifade veya toplumsal sorun için dijital ürün oluşturma;;
3B-AP-20;3B;11-12;Bir grup yazılım projesinde sürüm kontrol sistemleri, entegre geliştirme ortamları (IDE'ler) ve ortak çalışma araçları ile uygulamalarını (kod dokümantasyonu) kullanın.;Grup yazılım projeleri atanabilir veya öğrenci tarafından seçilebilir.;Algoritmalar ve Programlama;Program Geliştirme;Bilişim Etrafında İşbirliği Yapmak;P2.4 – Projede işbirliği için uygun teknolojik araçları değerlendirme ve seçme;;
3B-AP-21;3B;11-12;Bir programın tasarım özelliklerine göre performans gösterdiğini doğrulamak için bir dizi test senaryosu geliştirin ve kullanın.;Bu seviyede, öğrencilerin kendi test senaryolarını seçmeleri beklenmektedir.;Algoritmalar ve Programlama;Program Geliştirme;Bilişimsel Eserleri Test Etme ve İyileştirme;P6.1 – Tüm senaryoları ve test durumlarını dikkate alarak sistematik test yapma;;
3B-AP-22;3B;11-12;Mevcut bir programı ek işlevler eklemek üzere değiştirin ve amaçlanan ve istenmeyen sonuçları (ör. diğer işlevlerin bozulması) tartışın.;Örneğin bir metodun (method) veya işlevin imzasında (function signature) yapılan değişiklikler, o metodun bir sistemdeki diğer yerlerde çağrılmasını bozabilir.;Algoritmalar ve Programlama;Program Geliştirme;Bilişimsel Eserler Yaratmak;P5.3 – Mevcut bir dijital ürünü iyileştirme veya özelleştirme;;
3B-AP-23;3B;11-12;Kod incelemesi gibi bir süreç aracılığıyla bir programın temel niteliklerini değerlendirin.;Nitelik örnekleri arasında doğruluk, kullanılabilirlik, okunabilirlik, verimlilik, taşınabilirlik ve ölçeklenebilirlik yer alabilir.;Algoritmalar ve Programlama;Program Geliştirme;Bilişimsel Eserleri Test Etme ve İyileştirme;P6.3 – Performans, güvenilirlik, kullanılabilirlik ve erişilebilirliği artırmak için ürünü iyileştirme;;
3B-AP-24;3B;11-12;Birden çok programlama dilini karşılaştırın ve özelliklerinin onları farklı türdeki sorunları çözmeye nasıl uygun hale getirdiğini tartışın.;Özelliklere örnek olarak bloklara karşı metin, girintiye karşı süslü parantezler ve yüksek seviyeli dillere karşı düşük seviyeli diller verilebilir.;Algoritmalar ve Programlama;Program Geliştirme;Bilişim Hakkında İletişim Kurmak;P7.2 – Hesaplamalı süreçleri ve çözümleri hedef kitleye uygun teknik terminolojiyle açıklama, gerekçelendirme ve dokümante etme;;
3B-IC-25;3B;11-12;Toplum üzerindeki faydalı etkilerini en üst düzeye çıkarmak ve zararlı etkilerini en aza indirmek için bilişimsel eserleri değerlendirin.,;Bilişimin Etkileri;Kültür;Bilişimsel Eserleri Test Etme ve İyileştirme, Kapsayıcı Bir Bilişim Kültürünü Teşvik Etmek;Kapsayıcı Bir Bilişim Kültürünü Teşvik Etmek, Bilişimsel Eserleri Test Etme ve İyileştirme;P6.1 – Tüm senaryoları ve test durumlarını dikkate alarak sistematik test yapma;P1.2 – Farklı kullanıcı ihtiyaçlarını dikkate alarak erişilebilir ve kullanılabilir ürün tasarlama;
3B-IC-26;3B;11-12;Küresel bir toplumda bilişim kaynaklarının dağılımı üzerindeki eşitlik, erişim ve etkinin etkisini değerlendirin.,;Bilişimin Etkileri;Kültür;Kapsayıcı Bir Bilişim Kültürünü Teşvik Etmek;Kapsayıcı Bilişim Kültürünü Teşvik Etmek;P1.2 – Farklı kullanıcı ihtiyaçlarını dikkate alarak erişilebilir ve kullanılabilir ürün tasarlama;;
3B-IC-27;3B;11-12;Kültürümüzün bazı yönlerinde devrim yaratan bilişimsel yeniliklerin nasıl evrimleşebileceğini tahmin edin.;Dikkate alınacak alanlar eğitim, sağlık hizmetleri, sanat/eğlence ve enerjiyi içerebilir.;Bilişimin Etkileri;Kültür;Bilişim Hakkında İletişim Kurmak;P7.2 – Hesaplamalı süreçleri ve çözümleri hedef kitleye uygun teknik terminolojiyle açıklama, gerekçelendirme ve dokümante etme;;
3B-IC-28;3B;11-12;Yazılım geliştirilmesini ve kullanılmasını etkileyen yasa ve düzenlemeleri tartışın.,;Bilişimin Etkileri;Güvenlik Hukuk ve Etik;Bilişimsel Problemleri Tanıma ve Tanımlama, Bilişim Hakkında İletişim Kurmak;"Hesaplamalı Problemleri Tanıma ve Tanımlama,
Bilişim Hakkında İletişim Kurma


";P3.3 – Bir problemin bilgisayar/teknoloji ile çözülmesinin uygun ve uygulanabilir olup olmadığını değerlendirme;P7.3 – Fikri mülkiyet haklarına uyarak ve uygun kaynak göstererek fikirleri sorumlu biçimde ifade etme;
